Player,Pos,Age,Tm,G,GS,MP,FG%,3P%,2P%,FT%,TRB,AST,STL,BLK,TOV,PF,PTS
Precious Achiuwa,PF-C,24,TOT,74,18,21.9,0.501,0.268,0.562,0.616,6.6,1.3,0.6,0.9,1.1,1.9,7.6
Precious Achiuwa,C,24,TOR,25,0,17.5,0.459,0.277,0.528,0.571,5.4,1.8,0.6,0.5,1.2,1.6,7.7
Precious Achiuwa,PF,24,NYK,49,18,24.2,0.525,0.26,0.578,0.643,7.2,1.1,0.6,1.1,1.1,2.1,7.6
Bam Adebayo,C,26,MIA,71,71,34,0.521,0.357,0.528,0.755,10.4,3.9,1.1,0.9,2.3,2.2,19.3
Ochai Agbaji,SG,23,TOT,78,28,21,0.411,0.294,0.523,0.661,2.8,1.1,0.6,0.6,0.8,1.5,5.8
Ochai Agbaji,SG,23,UTA,51,10,19.7,0.426,0.331,0.551,0.75,2.5,0.9,0.5,0.6,0.7,1.3,5.4
Ochai Agbaji,SG,23,TOR,27,18,23.6,0.391,0.217,0.496,0.611,3.3,1.3,0.7,0.6,1.1,1.9,6.7
Santi Aldama,PF,23,MEM,61,35,26.5,0.435,0.349,0.534,0.621,5.8,2.3,0.7,0.9,1.1,1.5,10.7
Nickeil Alexander-Walker,SG,25,MIN,82,20,23.4,0.439,0.391,0.517,0.8,2,2.5,0.8,0.5,0.9,1.7,8
Grayson Allen,SG,28,PHO,75,74,33.5,0.499,0.461,0.57,0.878,3.9,3,0.9,0.6,1.3,2.1,13.5
Jarrett Allen,C,25,CLE,77,77,31.7,0.634,0,0.638,0.742,10.5,2.7,0.7,1.1,1.6,1.9,16.5
Timmy Allen,SF,24,MEM,5,0,25,0.261,0,0.375,0.5,3.4,1,0.8,0,0.4,3.6,2.6
Jose Alvarado,PG,25,NOP,56,0,18.4,0.412,0.377,0.464,0.673,2.3,2.1,1.1,0.3,0.7,1.6,7.1
Kyle Anderson,PF,30,MIN,79,10,22.6,0.46,0.229,0.488,0.708,3.5,4.2,0.9,0.6,1.2,1.6,6.4
Giannis Antetokounmpo,PF,29,MIL,73,73,35.2,0.611,0.274,0.645,0.657,11.5,6.5,1.2,1.1,3.4,2.9,30.4
Thanasis Antetokounmpo,PF,31,MIL,34,0,4.6,0.533,0,0.552,0,0.4,0.5,0.2,0.1,0.4,0.7,0.9
Cole Anthony,PG,23,ORL,81,0,22.4,0.435,0.338,0.49,0.826,3.8,2.9,0.8,0.5,1.6,2.2,11.6
OG Anunoby,SF,26,TOT,50,50,34,0.489,0.382,0.581,0.753,4.2,2.1,1.4,0.7,1.6,2.4,14.7
OG Anunoby,SF,26,TOR,27,27,33.3,0.489,0.374,0.608,0.717,3.9,2.7,1,0.5,1.6,2.3,15.1
OG Anunoby,SF,26,NYK,23,23,34.9,0.488,0.394,0.553,0.791,4.4,1.5,1.7,1,1.7,2.5,14.1
Ryan Arcidiacono,PG,29,NYK,20,0,2.3,0,0,0,0,0.4,0.2,0.1,0,0.1,0.3,0
Deni Avdija,SF,23,WAS,75,75,30.1,0.506,0.374,0.56,0.74,7.2,3.8,0.8,0.5,2.1,2.5,14.7
Deandre Ayton,C,25,POR,55,55,32.4,0.57,0.1,0.576,0.823,11.1,1.6,1,0.8,1.8,2,16.7
Udoka Azubuike,C,24,PHO,16,0,7.1,0.696,0,0.696,0.231,2,0.2,0.1,0.4,0.3,1.1,2.2
Ibou Badji,C,21,POR,22,1,10.3,0.636,0,0.636,0.5,2.3,0.6,0.1,0.9,0.7,2.1,1.5
Marvin Bagley III,C,24,TOT,50,25,21.1,0.586,0.391,0.597,0.762,6.2,1.1,0.4,0.7,1.2,1.6,11.7
Marvin Bagley III,C,24,DET,26,10,18.4,0.591,0.167,0.606,0.82,4.5,1,0.2,0.5,1.1,1.5,10.2
Marvin Bagley III,C,24,WAS,24,15,24,0.581,0.471,0.59,0.708,8.1,1.2,0.6,0.8,1.3,1.7,13.3
Amari Bailey,PG,19,CHO,10,0,6.5,0.333,0.125,0.438,0.857,0.9,0.7,0.3,0,0.4,0.2,2.3
Patrick Baldwin Jr.,SF,21,WAS,38,7,13,0.381,0.32,0.483,0.679,3.2,0.8,0.5,0.4,0.5,1.5,4.4
LaMelo Ball,PG,22,CHO,22,22,32.3,0.433,0.355,0.5,0.865,5.1,8,1.8,0.2,3.8,3.6,23.9
Mo Bamba,C,25,PHI,57,17,13,0.49,0.391,0.537,0.68,4.2,0.7,0.4,1.1,0.7,1.8,4.4
Paolo Banchero,PF,21,ORL,80,80,35,0.455,0.339,0.493,0.725,6.9,5.4,0.9,0.6,3.1,1.9,22.6
Desmond Bane,SG,25,MEM,42,42,34.4,0.464,0.381,0.536,0.87,4.4,5.5,1,0.5,2.7,2.9,23.7
Dalano Banton,PG,24,TOT,54,9,19.4,0.404,0.296,0.475,0.783,3.3,2.4,0.6,0.4,1.4,1.2,10.3
Dalano Banton,PG,24,BOS,24,1,7.1,0.373,0.125,0.486,0.8,1.5,0.8,0.2,0.1,0.4,0.8,2.3
Dalano Banton,PG,24,POR,30,8,29.2,0.408,0.311,0.474,0.78,4.8,3.6,0.9,0.6,2.2,1.5,16.7
Dominick Barlow,PF,20,SAS,33,1,12.7,0.496,0.333,0.51,0.69,3.4,1.1,0.4,0.4,0.3,1.4,4.4
Harrison Barnes,PF,31,SAC,82,82,29,0.474,0.387,0.571,0.801,3,1.2,0.7,0.1,0.7,1.2,12.2
Scottie Barnes,SG,22,TOR,60,60,34.9,0.475,0.341,0.536,0.781,8.2,6.1,1.3,1.5,2.8,2,19.9
RJ Barrett,SG,23,TOT,58,58,31.7,0.495,0.36,0.549,0.715,5.4,3.3,0.5,0.4,2.2,2.2,20.2
RJ Barrett,SG,23,NYK,26,26,29.5,0.423,0.331,0.469,0.831,4.3,2.4,0.5,0.3,1.8,1.7,18.2
RJ Barrett,SG,23,TOR,32,32,33.5,0.553,0.392,0.605,0.629,6.4,4.1,0.6,0.4,2.5,2.6,21.8
Charles Bassey,C,23,SAS,19,0,10.8,0.725,0,0.744,0.833,4,1.1,0.4,0.9,0.8,1.6,3.3
Emoni Bates,SF,20,CLE,15,0,8.9,0.306,0.303,0.313,0.25,0.9,0.7,0.1,0.1,0.5,0.3,2.7
Keita Bates-Diop,SF,28,TOT,53,8,12.5,0.434,0.304,0.526,0.762,2.1,0.7,0.5,0.4,0.3,0.7,3.7
Keita Bates-Diop,SF,28,PHO,39,8,15.3,0.427,0.313,0.512,0.722,2.6,0.9,0.6,0.5,0.3,0.8,4.5
Keita Bates-Diop,SF,28,BRK,14,0,4.9,0.5,0.2,0.636,1,0.6,0.3,0.2,0.1,0.1,0.1,1.6
Nicolas Batum,PF,35,TOT,60,38,25.5,0.453,0.395,0.606,0.714,4.1,2.1,0.8,0.6,0.7,1.8,5.3
Nicolas Batum,PF,35,LAC,3,0,18,0.375,0.286,1,0,2.3,1.7,1,1.3,0.3,1.7,2.7
Nicolas Batum,PF,35,PHI,57,38,25.9,0.456,0.399,0.6,0.714,4.2,2.2,0.8,0.6,0.7,1.8,5.5
Darius Bazley,PF,23,TOT,9,0,16.9,0.6,0.25,0.727,0.833,3.1,0.8,0.7,0.8,0.9,0.3,5.3
Darius Bazley,PF,23,PHI,3,0,3.3,0,0,0,0,0.3,0.7,0,0,0.3,0,0
Darius Bazley,PF,23,UTA,6,0,23.7,0.621,0.25,0.762,0.833,4.5,0.8,1,1.2,1.2,0.5,8
Bradley Beal,SG,30,PHO,53,53,33.3,0.513,0.43,0.552,0.813,4.4,5,1,0.5,2.5,2.4,18.2
Malik Beasley,SG,27,MIL,79,77,29.6,0.443,0.413,0.533,0.714,3.7,1.4,0.7,0.1,0.7,2,11.3
MarJon Beauchamp,SF,23,MIL,48,1,12.7,0.488,0.4,0.56,0.679,2.1,0.6,0.3,0.1,0.6,1.1,4.4
Jules Bernard,SG,24,WAS,19,0,7.8,0.453,0.379,0.514,0.556,1.4,0.8,0.2,0.1,0.4,0.7,3.9
Davis Bertans,PF,31,TOT,43,1,15.7,0.393,0.38,0.471,0.909,1.4,0.8,0.6,0.3,0.4,1.3,6.7
Davis Bertans,PF,31,OKC,15,0,6.1,0.385,0.417,0,0.933,0.7,0.6,0.2,0.2,0.1,0.7,2.9
Davis Bertans,PF,31,CHO,28,1,20.8,0.394,0.375,0.5,0.889,1.8,0.9,0.8,0.3,0.6,1.6,8.8
Patrick Beverley,PG,35,TOT,73,13,20,0.417,0.337,0.49,0.822,3.3,2.9,0.6,0.4,0.9,1.8,6.2
Patrick Beverley,PG,35,PHI,47,5,19.6,0.432,0.321,0.523,0.81,3.1,3.1,0.5,0.4,1,1.8,6.3
Patrick Beverley,PG,35,MIL,26,8,20.9,0.391,0.361,0.424,0.852,3.6,2.6,0.7,0.5,0.6,1.7,6
Saddiq Bey,SF,24,ATL,63,51,32.7,0.416,0.316,0.522,0.837,6.5,1.5,0.8,0.2,0.9,1.4,13.7
Goga Bitadze,C,24,ORL,62,33,15.4,0.603,0.143,0.636,0.655,4.6,1.3,0.5,1.2,0.7,1.7,5
Onuralp Bitim,SG,24,CHI,23,1,11.7,0.381,0.273,0.5,0.8,1.4,0.6,0.1,0.1,0.4,1,3.5
Bismack Biyombo,C,31,TOT,40,27,19.8,0.565,0,0.565,0.481,5.2,1.3,0.3,0.9,1.1,2.2,4.4
Bismack Biyombo,C,31,MEM,30,27,23.9,0.563,0,0.563,0.478,6.4,1.7,0.3,1.1,1.3,2.7,5.2
Bismack Biyombo,C,31,OKC,10,0,7.3,0.583,0,0.583,0.5,1.8,0.2,0.1,0.3,0.4,0.7,1.8
Anthony Black,PG,20,ORL,69,33,16.9,0.466,0.394,0.51,0.613,2,1.3,0.5,0.3,0.8,1.6,4.6
Leaky Black,SF,24,CHO,26,3,10.9,0.481,0.45,0.5,0.667,1.8,0.9,0.3,0.4,0.2,0.7,2.7
Buddy Boeheim,SF,24,DET,10,0,8.4,0.31,0.32,0.25,0.8,1,0.3,0,0.1,0,0.5,3.4
Bogdan Bogdanovic,SG,31,ATL,79,33,30.4,0.428,0.374,0.503,0.921,3.4,3.1,1.2,0.3,1.4,2.3,16.9
Bojan Bogdanovic,SF-PF,34,TOT,57,27,25.9,0.454,0.398,0.507,0.785,2.7,1.7,0.5,0.1,1.8,1.7,15.2
Bojan Bogdanovic,PF,34,DET,28,27,32.9,0.468,0.415,0.518,0.779,3.4,2.5,0.8,0.1,2.3,2,20.2
Bojan Bogdanovic,SF,34,NYK,29,0,19.2,0.43,0.37,0.488,0.8,2,0.9,0.2,0,1.3,1.3,10.4
Bol Bol,PF,24,PHO,43,0,10.9,0.616,0.423,0.717,0.789,3.2,0.4,0.2,0.6,0.4,1,5.2
Marques Bolden,C,25,TOT,11,2,11,0.68,0,0.708,0.75,3.1,0.4,0.3,0.6,0.3,0.9,3.4
Marques Bolden,C,25,MIL,2,0,1.5,0,0,0,0,1,0,0,0,0,0.5,0
Marques Bolden,C,25,CHO,9,2,13.1,0.68,0,0.708,0.75,3.6,0.4,0.3,0.8,0.3,1,4.1
Devin Booker,PG,27,PHO,68,68,36,0.492,0.364,0.552,0.886,4.5,6.9,0.9,0.4,2.6,3,27.1
Brandon Boston Jr.,SF,22,LAC,32,0,10.8,0.404,0.269,0.468,0.697,1.6,0.4,0.3,0.3,0.8,1.3,5.2
Chris Boucher,PF,31,TOR,50,0,14.1,0.507,0.33,0.642,0.772,4.1,0.5,0.3,0.5,0.6,1.4,6.4
James Bouknight,SG,23,CHO,14,0,5.8,0.439,0.433,0.455,0.5,0.6,0.4,0.1,0.1,0.1,0.2,3.6
Jamaree Bouyea,PG,24,TOT,9,0,10.6,0.357,0.111,0.474,0,2.1,1.2,0.1,0,1,1.1,2.3
Jamaree Bouyea,PG,24,POR,6,0,9.5,0.238,0,0.385,0,1.7,1.3,0,0,1.3,0.5,1.7
Jamaree Bouyea,PG,24,SAS,3,0,12.7,0.714,1,0.667,0,3,1,0.3,0,0.3,2.3,3.7
Malaki Branham,PG,20,SAS,75,29,21.3,0.432,0.347,0.494,0.873,2,2.1,0.4,0.1,1.2,1.3,9.2
Christian Braun,SG,22,DEN,82,4,20.2,0.46,0.384,0.498,0.694,3.7,1.6,0.5,0.4,0.7,1.7,7.3
Mikal Bridges,SF,27,BRK,82,82,34.8,0.436,0.372,0.49,0.814,4.5,3.6,1,0.4,2,1.4,19.6
Miles Bridges,SF,25,CHO,69,67,37.4,0.462,0.349,0.529,0.825,7.3,3.3,0.9,0.5,2,1.7,21
Oshae Brissett,SF,25,BOS,55,1,11.5,0.444,0.273,0.541,0.602,2.9,0.8,0.3,0.1,0.4,1,3.7
Izaiah Brockington,PG,24,NOP,1,0,3,0.4,0,0.5,0,2,0,0,0,0,0,4
Malcolm Brogdon,PG,31,POR,39,25,28.7,0.44,0.412,0.458,0.819,3.8,5.5,0.7,0.2,1.5,1.5,15.7
Armoni Brooks,PG,25,BRK,10,0,10.4,0.326,0.344,0.286,0.5,1.8,0.5,0.1,0.1,0.3,0.3,4.2
Dillon Brooks,SF,28,HOU,72,72,30.9,0.428,0.359,0.492,0.844,3.4,1.7,0.9,0.1,1.2,3.3,12.7
Bruce Brown,PG-SG,27,TOT,67,44,27.9,0.478,0.323,0.538,0.824,4.2,2.9,0.9,0.3,1.3,2.2,10.8
Bruce Brown,SG,27,IND,33,33,29.7,0.475,0.327,0.545,0.817,4.7,3,1.1,0.2,1.2,2.5,12.1
Bruce Brown,PG,27,TOR,34,11,26,0.481,0.317,0.532,0.833,3.8,2.7,0.7,0.3,1.3,2,9.6
Charlie Brown Jr.,SG,26,NYK,8,0,4.6,0.2,0.286,0,0,0.3,0,0,0.3,0.3,0.6,0.8
Greg Brown III,PF,22,DAL,6,0,6.7,0.455,0.333,0.5,0.444,1.5,0.7,0,0.7,0.7,0.8,2.5
Jaylen Brown,SF,27,BOS,70,70,33.5,0.499,0.354,0.57,0.703,5.5,3.6,1.2,0.5,2.4,2.6,23
Kendall Brown,SG,20,IND,15,0,4.2,0.533,0,0.615,0.625,0.3,0.3,0,0,0.1,0.6,1.4
Kobe Brown,PF,24,LAC,44,0,9,0.411,0.292,0.548,0.5,1.4,0.6,0.3,0.1,0.2,1.1,2
Moses Brown,C,24,POR,22,5,9.1,0.508,0,0.508,0.29,3.9,0.3,0.2,0.3,0.5,1.2,3.4
Troy Brown Jr.,SF,24,TOT,59,15,14,0.372,0.333,0.435,0.865,2.4,1,0.4,0.1,0.5,0.7,4.2
Troy Brown Jr.,SF,24,MIN,37,3,11.1,0.441,0.369,0.618,0.864,1.9,0.9,0.2,0.1,0.5,0.7,4.2
Troy Brown Jr.,SF,24,DET,22,12,19,0.296,0.281,0.314,0.867,3.3,1.1,0.7,0,0.5,0.7,4.2
Jalen Brunson,PG,27,NYK,77,77,35.4,0.479,0.401,0.516,0.847,3.6,6.7,0.9,0.2,2.4,1.9,28.7
Thomas Bryant,C,26,MIA,38,4,11.6,0.577,0.182,0.646,0.872,3.7,0.6,0.3,0.4,0.6,1.2,5.7
Kobe Bufkin,SG,20,ATL,17,0,11.5,0.37,0.225,0.481,0.5,1.9,1.6,0.4,0.3,0.6,1.2,4.8
Reggie Bullock,SF,32,HOU,44,0,9.5,0.415,0.403,0.467,1,1.7,0.3,0.3,0.1,0.2,0.7,2.2
Alec Burks,SG,32,TOT,66,1,18.4,0.369,0.376,0.36,0.868,2.3,1.3,0.4,0.2,0.7,1.1,10.4
Alec Burks,SG,32,DET,43,0,21,0.394,0.401,0.384,0.903,2.6,1.6,0.5,0.3,0.7,1.5,12.6
Alec Burks,SG,32,NYK,23,1,13.5,0.307,0.301,0.313,0.727,1.7,0.9,0.3,0,0.7,0.5,6.5
Jared Butler,SG,23,WAS,40,0,14.2,0.488,0.308,0.602,0.861,1.5,3.2,0.7,0.2,1.3,1.5,6.3
Jimmy Butler,PF,34,MIA,60,60,34,0.499,0.414,0.519,0.858,5.3,5,1.3,0.3,1.7,1.1,20.8
Jamal Cain,PF,24,MIA,26,1,10,0.43,0.355,0.479,0.783,1.4,0.4,0.4,0.2,0.3,0.8,3.7
Kentavious Caldwell-Pope,SG,30,DEN,76,76,31.6,0.46,0.406,0.52,0.894,2.4,2.4,1.3,0.6,1,2,10.1
Toumani Camara,PF,23,POR,70,49,24.8,0.45,0.337,0.523,0.758,4.9,1.2,0.9,0.5,1.2,2.5,7.5
Clint Capela,C,29,ATL,73,73,25.8,0.571,0,0.572,0.631,10.6,1.2,0.6,1.5,1,2.2,11.5
Jevon Carter,PG,28,CHI,72,0,13.9,0.378,0.329,0.466,0.571,0.8,1.3,0.5,0.2,0.5,1,5
Wendell Carter Jr.,C,24,ORL,55,48,25.6,0.525,0.374,0.626,0.694,6.9,1.7,0.6,0.5,1.2,2.2,11
D.J. Carton,SG,23,TOR,4,0,9,0.375,0.25,0.5,0.8,1,0.8,0.3,0,0.3,0.8,2.8
Alex Caruso,SG,29,CHI,71,57,28.7,0.468,0.408,0.563,0.76,3.8,3.5,1.7,1,1.4,2.5,10.1
Colin Castleton,C,23,LAL,16,0,3.7,0.563,0,0.563,1,0.8,0.2,0.1,0,0.2,0.7,1.5
Malcolm Cazalon,SG,22,DET,1,0,3,0,0,0,0,0,0,0,0,0,0,0
Julian Champagnie,SF,22,SAS,74,59,19.8,0.408,0.365,0.504,0.815,2.8,1.4,0.6,0.6,0.8,1,6.8
Justin Champagnie,SF,22,WAS,15,1,15.7,0.41,0.289,0.576,0.8,3.5,1.3,0.7,0.6,0.7,0.9,5.9
Max Christie,SG,20,LAL,67,7,14.1,0.427,0.356,0.496,0.783,2.1,0.9,0.3,0.3,0.5,0.9,4.2
Sidy Cissoko,SF,19,SAS,12,0,11.8,0.485,0.083,0.714,0.8,1.8,0.8,0.6,0.3,0.3,1.5,3.8
Brandon Clarke,PF,27,MEM,6,1,22.3,0.559,0.167,0.604,0.143,5.3,1.5,0.8,1,0.5,1.3,11.3
Jordan Clarkson,SG,31,UTA,55,19,30.6,0.413,0.294,0.485,0.881,3.4,5,0.6,0.1,2.7,1.5,17.1
Nic Claxton,C,24,BRK,71,71,29.8,0.629,0.2,0.633,0.551,9.9,2.1,0.6,2.1,1.3,2.5,11.8
Noah Clowney,PF,19,BRK,23,4,16.1,0.538,0.364,0.633,0.7,3.5,0.8,0.3,0.7,0.7,1.1,5.8
Amir Coffey,SF,26,LAC,70,13,20.9,0.472,0.38,0.571,0.859,2.1,1.1,0.6,0.2,0.5,1.5,6.6
John Collins,PF,26,UTA,68,66,28,0.532,0.371,0.605,0.795,8.5,1.1,0.6,0.9,1.4,2.8,15.1
Zach Collins,C,26,SAS,69,29,22.1,0.484,0.32,0.552,0.753,5.4,2.8,0.5,0.8,1.9,3,11.2
Mike Conley,PG,36,MIN,76,76,28.9,0.457,0.442,0.481,0.911,2.9,5.9,1.2,0.2,1.3,1.7,11.4
Pat Connaughton,SF,31,MIL,76,3,22.1,0.435,0.345,0.633,0.759,3.1,2.1,0.5,0.3,0.6,1.3,5.6
Bilal Coulibaly,SF,19,WAS,63,15,27.2,0.435,0.346,0.502,0.702,4.1,1.7,0.9,0.8,1.4,2.2,8.4
Ricky Council IV,SG,22,PHI,32,0,9,0.482,0.375,0.525,0.746,1.4,0.5,0.3,0,0.2,0.5,5.4
Robert Covington,SF-PF,33,TOT,29,6,16.8,0.439,0.339,0.571,0.846,3.3,0.8,1.3,0.6,0.4,1.9,4.4
Robert Covington,PF,33,LAC,3,3,23,0.333,0.25,1,0.5,2.7,2.3,2,0.7,0,2.3,3
Robert Covington,SF,33,PHI,26,3,16.1,0.449,0.354,0.561,0.875,3.4,0.7,1.3,0.6,0.4,1.9,4.5
Torrey Craig,SF,33,CHI,53,14,19.8,0.43,0.392,0.49,0.75,4.1,1.1,0.6,0.4,0.6,2.1,5.7
Jae Crowder,PF,33,MIL,50,25,23.1,0.422,0.349,0.538,0.722,3.2,1.3,0.8,0.2,0.5,1.5,6.2
Jalen Crutcher,PG,24,NOP,1,0,3,0,0,0,0,0,0,0,0,0,0,0
Cade Cunningham,PG,22,DET,62,62,33.5,0.449,0.355,0.487,0.869,4.3,7.5,0.9,0.4,3.4,2.5,22.7
Seth Curry,SG,33,TOT,44,4,14,0.392,0.352,0.438,0.903,1.5,1,0.5,0.1,0.5,0.9,5.1
Seth Curry,SG,33,DAL,36,3,12.7,0.372,0.363,0.385,0.895,1.4,0.8,0.5,0.1,0.4,0.9,4.3
Seth Curry,SG,33,CHO,8,1,19.9,0.441,0.321,0.548,0.917,2,1.8,0.6,0.4,0.6,0.9,9
Stephen Curry,PG,35,GSW,74,74,32.7,0.45,0.408,0.515,0.923,4.5,5.1,0.7,0.4,2.8,1.6,26.4
Dyson Daniels,PG,20,NOP,61,16,22.3,0.447,0.311,0.551,0.642,3.9,2.7,1.4,0.4,1,1.7,5.8
Anthony Davis,C,30,LAL,76,76,35.5,0.556,0.271,0.582,0.816,12.6,3.5,1.2,2.3,2.1,2.3,24.7
Johnny Davis,SG,21,WAS,50,6,12.3,0.403,0.35,0.421,0.583,1.4,0.6,0.4,0.2,0.3,1.1,3
JD Davison,SG,21,BOS,8,0,4.9,0.417,0.429,0.4,0.75,1.3,1.3,0.1,0.1,0.3,0.5,2
Dexter Dennis,SG,24,DAL,4,0,7.5,0.526,0.125,0.818,0.333,2.3,1,0,0.3,0.8,0.3,5.5
DeMar DeRozan,SF,34,CHI,79,79,37.8,0.48,0.333,0.509,0.853,4.3,5.3,1.1,0.6,1.7,2,24
Mamadi Diakite,PF,27,TOT,6,0,4,0.667,0,0.8,0.667,0.7,0.3,0.2,0.2,0.2,0.3,2
Mamadi Diakite,PF,27,SAS,3,0,5.3,0.8,0,0.8,0.667,1,0.7,0,0.3,0,0.3,4
Mamadi Diakite,PF,27,NYK,3,0,2.7,0,0,0,0,0.3,0,0.3,0,0.3,0.3,0
Hamidou Diallo,SG,25,WAS,2,0,2.5,0.5,0,0.5,0,1,0.5,1,0,0.5,0.5,1
Gradey Dick,SG,20,TOR,60,17,21.1,0.425,0.365,0.495,0.863,2.2,1.1,0.6,0,0.8,1.5,8.5
Ousmane Dieng,PF,20,OKC,33,0,11.1,0.422,0.3,0.609,0.875,1.5,1.1,0.2,0.2,0.6,0.7,4
Spencer Dinwiddie,PG,30,TOT,76,52,28.3,0.392,0.337,0.467,0.805,2.7,4.7,0.7,0.3,1.2,1.8,10.5
Spencer Dinwiddie,PG,30,BRK,48,48,30.7,0.391,0.32,0.48,0.781,3.3,6,0.8,0.2,1.3,1.8,12.6
Spencer Dinwiddie,PG,30,LAL,28,4,24.2,0.397,0.389,0.412,0.88,1.7,2.4,0.5,0.5,1,1.9,6.8
Donte DiVincenzo,SG,27,NYK,81,63,29.1,0.443,0.401,0.542,0.754,3.7,2.7,1.3,0.4,1.4,2,15.5
Luka Doncic,PG,24,DAL,70,70,37.5,0.487,0.382,0.573,0.786,9.2,9.8,1.4,0.5,4,2.1,33.9
Luguentz Dort,SF,24,OKC,79,79,28.4,0.438,0.394,0.506,0.826,3.6,1.4,0.9,0.6,0.9,2.9,10.9
Ayo Dosunmu,SG,24,CHI,76,37,29.1,0.501,0.403,0.568,0.81,2.8,3.2,0.9,0.5,1.4,2.2,12.2
Jeff Dowtin,PG,26,PHI,12,0,11.8,0.556,0.474,0.647,0.75,1.7,2.3,0.6,0.1,0.4,0.1,4.3
Henri Drell,SF,23,CHI,4,0,7.5,0.4,0.333,0.5,0.5,1,1,0.5,0.3,0.5,1.5,2.8
Andre Drummond,C,30,CHI,79,10,17.1,0.556,0,0.56,0.592,9,0.5,0.9,0.6,1,1.8,8.4
Chris Duarte,SF,26,SAC,59,11,12.2,0.381,0.346,0.434,0.788,1.8,0.7,0.5,0.1,0.4,1.4,3.9
David Duke Jr.,SG,24,SAS,4,0,12.8,0.556,0.5,0.583,1,2.5,1.3,0.5,0,0.8,1,6.5
Kris Dunn,PG,29,UTA,66,32,18.9,0.47,0.369,0.525,0.688,2.9,3.8,1,0.4,1.2,2,5.4
Kevin Durant,PF,35,PHO,75,75,37.2,0.523,0.413,0.567,0.856,6.6,5,0.9,1.2,3.3,1.8,27.1
Jalen Duren,C,20,DET,61,60,29.1,0.619,0,0.623,0.79,11.6,2.4,0.5,0.8,2.1,3.1,13.8
Tari Eason,PF,22,HOU,22,0,21.8,0.466,0.36,0.504,0.636,7,1.2,1.4,0.9,0.9,2.3,9.8
Anthony Edwards,SG,22,MIN,79,78,35.1,0.461,0.357,0.515,0.836,5.4,5.1,1.3,0.5,3.1,1.8,25.9
Kessler Edwards,SF,23,SAC,54,0,5.1,0.415,0.385,0.467,0.556,0.8,0.3,0.2,0.1,0.1,0.5,1.7
Keon Ellis,SG,24,SAC,57,21,17.2,0.461,0.417,0.578,0.743,2.2,1.5,0.9,0.5,0.6,2,5.4
Joel Embiid,C,29,PHI,39,39,33.6,0.529,0.388,0.556,0.883,11,5.6,1.2,1.7,3.8,2.9,34.7
Drew Eubanks,C,26,PHO,75,6,15.6,0.601,1,0.596,0.774,4.3,0.8,0.4,0.8,0.8,1.5,5.1
Tosan Evbuomwan,SF,22,TOT,17,8,21.6,0.507,0.375,0.615,0.68,3.5,0.9,0.4,0.3,0.5,1.4,5.9
Tosan Evbuomwan,SF,22,MEM,4,0,18.5,0.267,0.25,0.286,0,3.5,1.5,0,0.3,0.3,1.3,2.5
Tosan Evbuomwan,SF,22,DET,13,8,22.5,0.571,0.417,0.688,0.68,3.5,0.8,0.5,0.3,0.6,1.4,7
Dante Exum,PG,28,DAL,55,17,19.8,0.533,0.491,0.557,0.779,2.7,2.9,0.4,0.1,0.9,1.5,7.8
Bruno Fernando,C,25,ATL,45,2,15.2,0.583,0,0.596,0.667,4.3,1,0.6,0.6,1,2.4,6.3
Dorian Finney-Smith,PF,30,BRK,68,56,28.4,0.421,0.348,0.56,0.717,4.7,1.6,0.8,0.6,0.9,2.2,8.5
Adam Flagler,SG,24,OKC,2,0,7,0.143,0.167,0,0,0,2,0,0,0,0,1.5
Malachi Flynn,PG,25,TOT,69,0,12.7,0.418,0.331,0.513,0.732,1.7,1.9,0.6,0.1,0.9,1,5.5
Malachi Flynn,PG,25,TOR,31,0,15.3,0.409,0.35,0.491,0.773,2.1,2.4,0.6,0.2,1.1,1.4,5.1
Malachi Flynn,PG,25,NYK,14,0,4.3,0.391,0.308,0.5,0.818,0.4,0.4,0.1,0,0.2,0.2,2.2
Malachi Flynn,PG,25,DET,24,0,14.3,0.43,0.316,0.528,0.684,1.8,2.1,0.8,0.1,1.1,0.9,8
Simone Fontecchio,SF,28,TOT,66,43,24.9,0.46,0.401,0.551,0.818,3.7,1.5,0.7,0.3,1,1.7,10.5
Simone Fontecchio,SF,28,UTA,50,34,23.2,0.45,0.391,0.56,0.8,3.5,1.5,0.6,0.4,1,1.6,8.9
Simone Fontecchio,SF,28,DET,16,9,30.3,0.479,0.426,0.539,0.846,4.4,1.8,0.9,0.3,1.1,1.8,15.4
Jordan Ford,PG,25,SAC,6,0,3.7,0.571,0.667,0.5,1,0.3,0.3,0,0,0.2,0,2
Trent Forrest,SG,25,ATL,38,0,10.9,0.378,0.2,0.4,0.765,1.3,2.4,0.3,0.1,0.5,0.7,2.2
Evan Fournier,SG,31,TOT,32,0,18.1,0.357,0.254,0.505,0.806,1.8,1.5,0.9,0.2,0.7,1.5,6.9
Evan Fournier,SG,31,NYK,3,0,13,0.2,0.133,0.4,1,1.3,1,1.3,0,0.3,1.3,4
Evan Fournier,SG,31,DET,29,0,18.7,0.373,0.27,0.512,0.794,1.9,1.6,0.9,0.2,0.7,1.5,7.2
De'Aaron Fox,PG,26,SAC,74,74,35.9,0.465,0.369,0.522,0.738,4.6,5.6,2,0.4,2.6,2.6,26.6
Javon Freeman-Liberty,PG,24,TOR,22,6,18.3,0.444,0.238,0.549,0.917,3.2,1.8,0.5,0.2,1.1,1.3,7
Alex Fudge,SF,20,TOT,6,0,6.7,0.4,0.2,0.5,1,0.8,0,0.5,0,0.3,0.3,2.5
Alex Fudge,SF,20,LAL,4,0,3.5,0.167,0,0.25,1,0.5,0,0,0,0.3,0.3,1
Alex Fudge,SF,20,DAL,2,0,13,0.556,0.333,0.667,0,1.5,0,1.5,0,0.5,0.5,5.5
Markelle Fultz,PG,25,ORL,43,18,21.2,0.472,0.222,0.487,0.697,3.2,2.8,1,0.3,1.2,1.5,7.8
Andrew Funk,SG,24,CHI,5,0,2.6,0,0,0,0,0,0,0.2,0.2,0,0,0
Wenyen Gabriel,PF,26,MEM,5,0,16.2,0.364,0.167,0.438,0,5,0.6,0.4,0.4,1.6,2,3.4
Daniel Gafford,C-PF,25,TOT,74,66,24.5,0.725,0,0.725,0.674,7.6,1.6,0.9,2.1,1,3.1,11
Daniel Gafford,C,25,WAS,45,45,26.5,0.69,0,0.69,0.706,8,1.5,1,2.2,1,3.3,10.9
Daniel Gafford,PF,25,DAL,29,21,21.5,0.78,0,0.78,0.607,6.9,1.6,0.7,1.9,1,2.8,11.2
Danilo Gallinari,PF-SF,35,TOT,49,0,12.9,0.437,0.323,0.546,0.857,2.2,1.1,0.3,0.1,0.5,1,5.7
Danilo Gallinari,PF,35,WAS,26,0,14.8,0.435,0.313,0.552,0.839,2.9,1.2,0.2,0.1,0.5,1,7
Danilo Gallinari,SF,35,DET,6,0,15,0.545,0.583,0.5,0.875,2.3,2,0.3,0.3,0.2,1.5,8.7
Danilo Gallinari,SF,35,MIL,17,0,9.1,0.378,0.176,0.55,0.889,1.1,0.7,0.4,0.1,0.6,0.9,2.8
Darius Garland,PG,24,CLE,57,57,33.4,0.446,0.371,0.501,0.834,2.7,6.5,1.3,0.1,3.1,1.7,18
Usman Garuba,PF,21,GSW,6,0,3,0.167,0,0.2,0.5,1.2,0.2,0.2,0.5,0.3,0.3,0.5
Luka Garza,C,25,MIN,25,0,4.9,0.48,0.281,0.628,0.72,1.2,0.2,0.2,0,0.2,1,4
Kaiser Gates,SF,27,NOP,1,0,7,0,0,0,0,1,0,0,0,0,0,0
Keyonte George,PG,20,UTA,75,44,27,0.391,0.334,0.459,0.848,2.8,4.4,0.5,0.1,2.5,1.2,13
Paul George,PF,33,LAC,74,74,33.8,0.471,0.413,0.523,0.907,5.2,3.5,1.5,0.5,2.1,2.7,22.6
Taj Gibson,PF,38,TOT,20,1,10.2,0.405,0.2,0.481,1,1.9,0.6,0.2,0.4,0.3,1.6,1.7
Taj Gibson,PF,38,NYK,16,1,10.3,0.304,0,0.412,1,1.8,0.6,0.1,0.4,0.3,1.8,1
Taj Gibson,PF,38,DET,4,0,9.8,0.571,0.5,0.6,0,2.3,0.5,0.3,0.3,0,0.8,4.5
Josh Giddey,SG,21,OKC,80,80,25.1,0.475,0.337,0.53,0.806,6.4,4.8,0.6,0.6,2.1,1.4,12.3
Harry Giles,C,25,TOT,23,0,4.3,0.46,0.214,0.556,0.538,1.3,0.3,0.1,0.1,0.3,0.7,2.4
Harry Giles,C,25,BRK,16,0,5.1,0.5,0.273,0.576,0.538,1.6,0.4,0.1,0.2,0.4,0.9,3.4
Harry Giles,C,25,LAL,7,0,2.7,0.167,0,0.333,0,0.6,0,0.1,0,0,0,0.3
Shai Gilgeous-Alexander,PG,25,OKC,75,75,34,0.535,0.353,0.576,0.874,5.5,6.2,2,0.9,2.2,2.5,30.1
Anthony Gill,PF,31,WAS,50,3,9.3,0.469,0.244,0.546,0.806,1.9,0.7,0.3,0.2,0.5,1,3.8
Collin Gillespie,PG,24,DEN,24,0,9.4,0.464,0.395,0.548,0.667,0.9,1.1,0.5,0,0.6,1,3.6
Jacob Gilyard,PG,25,TOT,41,14,17,0.4,0.405,0.375,1,1.1,3.3,0.8,0.1,0.7,1,4.2
Jacob Gilyard,PG,25,MEM,37,14,17.7,0.417,0.425,0.375,1,1.2,3.5,0.7,0.1,0.8,0.9,4.7
Jacob Gilyard,PG,25,BRK,4,0,11.3,0,0,0,0,0.8,1.5,1.5,0,0.3,1,0
Rudy Gobert,C,31,MIN,76,76,34.1,0.661,0,0.664,0.638,12.9,1.3,0.7,2.1,1.6,3.1,14
Jordan Goodwin,PG,25,TOT,57,12,18.5,0.369,0.298,0.411,0.746,4.4,2.7,0.8,0.3,1,1.3,6.5
Jordan Goodwin,PG,25,PHO,40,0,14,0.389,0.288,0.46,0.862,2.9,2,0.6,0.2,0.7,1.1,5
Jordan Goodwin,PG,25,MEM,17,12,29.2,0.349,0.311,0.367,0.633,8,4.5,1.5,0.5,1.6,1.9,10
Aaron Gordon,PF,28,DEN,73,73,31.5,0.556,0.29,0.619,0.658,6.5,3.5,0.8,0.6,1.4,1.9,13.9
Eric Gordon,SG,35,PHO,68,24,27.8,0.443,0.378,0.561,0.797,1.8,2,1,0.4,1.1,1.2,11
Devonte' Graham,PG,28,SAS,23,0,13.6,0.352,0.301,0.52,0.813,1.6,2.1,0.4,0.1,0.7,0.6,5
Jerami Grant,PF,29,POR,54,54,33.9,0.451,0.402,0.474,0.817,3.5,2.8,0.8,0.6,2.1,2.2,21
RaiQuan Gray,PF,24,SAS,3,0,13,0.588,0.429,0.7,0,2.3,2,0.3,0.3,0.3,0,7.7
A.J. Green,SG,24,MIL,56,0,11,0.423,0.408,0.519,0.895,1.1,0.5,0.2,0.1,0.2,0.9,4.5
Danny Green,SG,36,PHI,2,0,9,0,0,0,0,1,0.5,0.5,0,0,0.5,0
Draymond Green,PF,33,GSW,55,52,27.1,0.497,0.395,0.551,0.73,7.2,6,1,0.9,2.5,3,8.6
Jalen Green,SG,21,HOU,82,82,31.7,0.423,0.332,0.498,0.804,5.2,3.5,0.8,0.3,2.3,1.4,19.6
Javonte Green,SF,30,CHI,9,5,25.6,0.6,0.37,0.729,0.769,7.4,0.6,1.1,0.9,0.8,2.1,12.2
Jeff Green,PF,37,HOU,78,6,16.8,0.456,0.331,0.553,0.819,2.3,0.9,0.2,0.4,0.6,1.3,6.5
Josh Green,SG,23,DAL,57,33,26.4,0.479,0.385,0.572,0.684,3.2,2.3,0.8,0.2,1.1,1.9,8.2
AJ Griffin,SF,20,ATL,20,0,8.6,0.29,0.256,0.348,1,0.9,0.3,0.1,0.1,0.4,0.3,2.4
Quentin Grimes,SG,23,TOT,51,18,20.1,0.372,0.338,0.466,0.756,2,1.3,0.7,0.1,0.5,1.5,7
Quentin Grimes,SG,23,NYK,45,18,20.2,0.395,0.363,0.486,0.706,2,1.2,0.7,0.1,0.5,1.5,7.3
Quentin Grimes,SG,23,DET,6,0,19.2,0.214,0.143,0.357,0.909,2,2.3,0.8,0.7,1.2,1.5,5.3
Mouhamadou Gueye,PF,25,TOR,11,0,10.9,0.289,0,0.314,0.444,2.1,0.5,0.3,1.6,1.1,1.4,2.4
Mouhamed Gueye,PF,21,ATL,6,0,12.2,0.348,0.333,0.357,0.833,3.7,0.7,0.8,0.7,0.2,2.2,4
Rui Hachimura,PF,25,LAL,68,39,26.9,0.537,0.422,0.597,0.739,4.3,1.2,0.6,0.4,0.7,1.5,13.6
Ashton Hagans,PG,24,POR,19,1,16.6,0.408,0.32,0.457,0.824,2.4,2.8,0.6,0.5,1.6,2.1,4.2
Tyrese Haliburton,PG,23,IND,69,68,32.2,0.477,0.364,0.595,0.855,3.9,10.9,1.2,0.7,2.3,1.1,20.1
R.J. Hampton,PG,22,MIA,8,2,9.5,0.286,0.125,0.5,0.5,0.8,1,0,0,0.4,1,1.3
Tim Hardaway Jr.,SF,31,DAL,79,12,26.8,0.402,0.353,0.478,0.852,3.2,1.8,0.5,0.1,0.9,1.3,14.4
James Harden,PG,34,LAC,72,72,34.3,0.428,0.381,0.497,0.878,5.1,8.5,1.1,0.8,2.6,1.8,16.6
Jaden Hardy,SG,21,DAL,73,7,13.5,0.407,0.362,0.447,0.776,1.8,1.5,0.3,0.1,0.8,1.1,7.3
Ron Harper Jr.,PF,23,TOR,1,0,4,0,0,0,0,0,1,0,0,0,2,0
Gary Harris,SG,29,ORL,54,27,24,0.441,0.371,0.598,0.756,1.7,1.6,0.9,0.3,0.6,1.7,6.9
Joe Harris,SG,32,DET,16,0,10.6,0.359,0.333,0.444,0.5,0.8,0.6,0.2,0.1,0.3,1.2,2.4
Kevon Harris,SG,26,ORL,2,0,3,0.667,0,0.667,0,1,0.5,0,0,0.5,1.5,2
Tobias Harris,PF,31,PHI,70,70,33.8,0.487,0.353,0.537,0.878,6.5,3.1,1,0.7,1.3,1.6,17.2
Shaquille Harrison,SG,30,MEM,3,0,2,0.5,0,0.5,0,0.7,0,0,0.3,0,0,0.7
Josh Hart,SF,28,NYK,81,42,33.4,0.434,0.31,0.511,0.791,8.3,4.1,0.9,0.3,1.5,2.1,9.4
Isaiah Hartenstein,C,25,NYK,75,49,25.3,0.644,0.333,0.646,0.707,8.3,2.5,1.2,1.1,1.2,2.8,7.8
Sam Hauser,SF,26,BOS,79,13,22,0.446,0.424,0.559,0.895,3.5,1,0.5,0.3,0.4,1.3,9
Jordan Hawkins,SG,21,NOP,67,10,17.3,0.382,0.366,0.411,0.838,2.2,1,0.3,0.1,0.6,1.1,7.8
Jaxson Hayes,C,23,LAL,70,5,12.5,0.72,0,0.754,0.622,3,0.5,0.5,0.4,0.6,1.8,4.3
Killian Hayes,PG,22,DET,42,31,24,0.413,0.297,0.455,0.66,2.8,4.9,0.9,0.5,1.2,1.8,6.9
Gordon Hayward,SF,33,TOT,51,28,24.4,0.464,0.411,0.479,0.742,3.5,3.1,0.8,0.3,1.3,1.3,9.8
Gordon Hayward,SF,33,CHO,25,25,31.9,0.468,0.361,0.496,0.765,4.7,4.6,1.1,0.5,2,1.8,14.5
Gordon Hayward,SF,33,OKC,26,3,17.2,0.453,0.517,0.429,0.692,2.5,1.6,0.5,0,0.6,0.8,5.3
Scoot Henderson,PG,19,POR,62,32,28.5,0.385,0.325,0.416,0.819,3.1,5.4,0.8,0.2,3.4,3.1,14
Taylor Hendricks,PF,20,UTA,40,23,21.4,0.45,0.379,0.55,0.793,4.6,0.8,0.7,0.8,0.7,1.9,7.3
Tyler Herro,SG,24,MIA,42,40,33.5,0.441,0.396,0.478,0.856,5.3,4.5,0.7,0.1,2.2,1.5,20.8
Buddy Hield,SF-SG,31,TOT,84,42,25.7,0.436,0.386,0.539,0.881,3.2,2.8,0.8,0.5,1.2,2,12.1
Buddy Hield,SF,31,IND,52,28,25.7,0.443,0.384,0.575,0.848,3.2,2.7,0.8,0.6,1.2,2,12
Buddy Hield,SG,31,PHI,32,14,25.8,0.426,0.389,0.492,0.923,3.2,3,0.8,0.3,1.3,2.1,12.2
Haywood Highsmith,PF,27,MIA,66,26,20.7,0.465,0.396,0.562,0.639,3.2,1.1,0.8,0.5,0.5,1.8,6.1
Nate Hinton,SG,24,HOU,15,0,5,0.423,0.5,0.333,0.8,1.5,0.7,0.2,0.1,0.2,0.7,2.2
D'Moi Hodge,SG,25,LAL,7,0,5.9,0.333,0.25,0.667,0.5,0,0.7,0.1,0.1,0.1,0.6,2
Aaron Holiday,PG,27,HOU,78,1,16.3,0.446,0.387,0.51,0.921,1.6,1.8,0.5,0.1,0.7,1.6,6.6
Jrue Holiday,PG,33,BOS,69,69,32.8,0.48,0.429,0.526,0.833,5.4,4.8,0.9,0.8,1.8,1.6,12.5
Justin Holiday,SG,34,DEN,58,9,14.9,0.454,0.404,0.569,0.75,1.2,1.2,0.6,0.2,0.2,1.2,4
Richaun Holmes,C-PF,30,TOT,40,10,13.9,0.558,0.333,0.563,0.723,4.6,0.6,0.3,0.5,0.6,1.9,5
Richaun Holmes,C,30,DAL,23,2,10.3,0.559,0,0.559,0.571,3.4,0.7,0.1,0.4,0.5,1.4,3.4
Richaun Holmes,PF,30,WAS,17,8,18.7,0.557,0.333,0.565,0.846,6.1,0.6,0.5,0.6,0.7,2.4,7.1
Chet Holmgren,C,21,OKC,82,82,29.4,0.53,0.37,0.623,0.793,7.9,2.4,0.6,2.3,1.6,2.4,16.5
Jalen Hood-Schifino,SG,20,LAL,21,0,5.2,0.222,0.133,0.267,0.6,0.6,0.4,0.1,0.1,0.4,0.6,1.6
Al Horford,C,37,BOS,65,33,26.8,0.511,0.419,0.658,0.867,6.4,2.6,0.6,1,0.7,1.4,8.6
Talen Horton-Tucker,PG,23,UTA,51,11,19.8,0.396,0.33,0.438,0.807,2.4,3.5,0.9,0.4,1.3,1.8,10.1
Danuel House Jr.,SF,30,PHI,34,4,15,0.448,0.3,0.582,0.761,1.7,0.8,0.4,0.1,0.6,1.3,4.2
Caleb Houstan,SF,21,ORL,59,13,13.8,0.388,0.373,0.615,0.808,1.4,0.5,0.3,0.1,0.3,1,4.3
Jett Howard,SF,20,ORL,18,0,3.7,0.333,0.28,0.6,0.5,0.4,0.3,0.1,0.1,0.2,0.2,1.6
Kevin Huerter,SG,25,SAC,64,59,24.4,0.443,0.361,0.571,0.766,3.5,2.6,0.7,0.4,0.8,2.1,10.2
Jay Huff,C,25,DEN,20,0,2.5,0.6,0.333,1,1,0.6,0.1,0.1,0.2,0.1,0.5,1.2
De'Andre Hunter,SF,26,ATL,57,37,29.5,0.459,0.385,0.521,0.847,3.9,1.5,0.7,0.3,1.5,2.6,15.6
Matthew Hurt,PF,23,MEM,8,0,14.1,0.353,0.25,0.5,1,2,0.5,0.4,0.4,0.3,1,4
Bones Hyland,PG,23,LAC,37,5,14.6,0.386,0.326,0.457,0.783,1.5,2.5,0.7,0.1,1.2,1.4,6.9
Joe Ingles,SF,36,ORL,68,0,17.2,0.436,0.435,0.439,0.824,2.1,3,0.6,0.1,1,1.3,4.4
Brandon Ingram,SF,26,NOP,64,64,32.9,0.492,0.355,0.534,0.801,5.1,5.7,0.8,0.6,2.5,2.3,20.8
Kyrie Irving,SG,31,DAL,58,58,35,0.497,0.411,0.548,0.905,5,5.2,1.3,0.5,1.8,1.9,25.6
Jonathan Isaac,PF,26,ORL,58,2,15.8,0.51,0.375,0.598,0.72,4.5,0.5,0.7,1.2,0.5,1.1,6.8
Jaden Ivey,SG,21,DET,77,61,28.8,0.429,0.336,0.485,0.749,3.4,3.8,0.7,0.5,2.5,2.6,15.4
Andre Jackson Jr.,SG,22,MIL,57,8,10,0.5,0.37,0.611,0.727,2,0.9,0.3,0.1,0.5,1.6,2.2
GG Jackson II,PF,19,MEM,48,18,25.7,0.428,0.357,0.502,0.752,4.1,1.2,0.6,0.5,1.4,1.3,14.6
Isaiah Jackson,C,22,IND,59,3,13.1,0.665,0,0.677,0.716,4,0.8,0.6,1,0.7,2.3,6.5
Jaren Jackson Jr.,C,24,MEM,66,66,32.2,0.444,0.32,0.501,0.808,5.5,2.3,1.2,1.6,2.4,3.6,22.5
Justin Jackson,SF,28,MIN,2,0,0.5,0,0,0,0,0,0,0,0,0,0,0
Quenton Jackson,PG,25,IND,3,0,3.7,0,0,0,1,1.3,0.7,0.3,0,0,0.3,0.7
Reggie Jackson,PG,33,DEN,82,23,22.2,0.431,0.359,0.475,0.806,1.9,3.8,0.5,0.2,1.3,1.8,10.2
Trayce Jackson-Davis,PF,23,GSW,68,16,16.6,0.702,0,0.704,0.561,5,1.2,0.4,1.1,0.7,1.6,7.9
LeBron James,PF,39,LAL,71,71,35.3,0.54,0.41,0.592,0.75,7.3,8.3,1.3,0.5,3.5,1.1,25.7
Jaime Jaquez Jr.,SF,22,MIA,75,20,28.2,0.489,0.322,0.558,0.811,3.8,2.6,1,0.3,1.5,2.2,11.9
DeJon Jarreau,SG,26,MEM,9,0,16.7,0.34,0.308,0.351,0.455,4.9,2.9,0.7,0.2,1,1.6,4.8
DaQuan Jeffries,SG,26,NYK,17,0,2.7,0.353,0.2,0.571,0,0.3,0.3,0,0.1,0.2,0.1,0.8
Trey Jemison,C,24,TOT,25,14,22.9,0.551,0,0.551,0.84,5.4,1.1,0.5,1.1,1.4,2.8,6.8
Trey Jemison,C,24,WAS,2,0,0.5,0,0,0,0,0.5,0,0,0,0.5,0,0
Trey Jemison,C,24,MEM,23,14,24.9,0.551,0,0.551,0.84,5.8,1.2,0.5,1.2,1.4,3,7.4
Ty Jerome,SG,26,CLE,2,0,7.5,0.5,0,0.667,0,0.5,1.5,0,0,0.5,1,2
Isaiah Joe,SG,24,OKC,78,1,18.5,0.458,0.416,0.568,0.865,2.3,1.3,0.6,0.3,0.6,1.1,8.2
Cameron Johnson,PF,27,BRK,58,47,27.6,0.446,0.391,0.519,0.789,4.3,2.4,0.8,0.3,1,1.8,13.4
Jalen Johnson,SF,22,ATL,56,52,33.7,0.511,0.355,0.574,0.728,8.7,3.6,1.2,0.8,1.8,2.4,16
James Johnson,PF,36,IND,9,0,5.2,0.3,0,0.375,1,0.4,0.9,0.6,0.1,0.6,1,0.9
Keldon Johnson,SF,24,SAS,69,27,29.5,0.454,0.346,0.533,0.792,5.5,2.8,0.7,0.3,1.4,2.2,15.7
Keon Johnson,SG,21,BRK,5,0,12.2,0.381,0.4,0.364,0.917,1.4,0.6,0.6,0.2,1,1,6.2
Keyontae Johnson,SF,23,OKC,9,0,7.3,0.313,0.333,0.308,0,1.1,0.4,0.1,0,0.4,0.6,1.2
Nikola Jokic,C,28,DEN,79,79,34.6,0.583,0.359,0.626,0.817,12.4,9,1.4,0.9,3,2.5,26.4
Colby Jones,SG,21,SAC,30,0,6.4,0.394,0.091,0.531,0.545,1.3,0.7,0.2,0.2,0.3,1,2.1
Damian Jones,C,28,CLE,39,0,6.9,0.597,0.214,0.69,0.857,1.6,0.4,0.2,0.3,0.3,0.7,2.7
Derrick Jones Jr.,SF,26,DAL,76,66,23.5,0.483,0.343,0.613,0.713,3.3,1,0.7,0.7,0.9,1.6,8.6
Herbert Jones,SF,25,NOP,76,76,30.5,0.498,0.418,0.568,0.867,3.6,2.6,1.4,0.8,1.2,2.9,11
Mason Jones,SG,25,SAC,5,0,5.6,0.25,0.286,0,0.5,1,1,0.2,0,0.4,0.6,1.4
Tre Jones,PG,24,SAS,77,48,27.8,0.505,0.335,0.584,0.856,3.8,6.2,1,0.1,1.5,1.2,10
Tyus Jones,PG,27,WAS,66,66,29.3,0.489,0.414,0.537,0.8,2.7,7.3,1.1,0.3,1,0.7,12
DeAndre Jordan,C,35,DEN,36,2,11,0.624,0,0.624,0.491,4.4,0.7,0.2,0.4,0.6,1.6,3.9
Cory Joseph,PG,32,GSW,26,0,11.4,0.359,0.31,0.455,0.571,1.2,1.6,0.2,0.1,0.5,1,2.4
Nikola Jovic,PF,20,MIA,46,38,19.5,0.452,0.399,0.525,0.702,4.2,2,0.5,0.3,0.9,1.8,7.7
Johnny Juzang,SG,22,UTA,20,5,18.6,0.464,0.416,0.576,0.714,1.8,1.2,0.2,0.1,0.7,1.5,7.2
Luke Kennard,SG,27,MEM,39,22,25.6,0.448,0.45,0.442,0.889,2.9,3.5,0.5,0.1,1.4,1,11
Walker Kessler,C,22,UTA,64,22,23.3,0.654,0.211,0.68,0.602,7.5,0.9,0.5,2.4,1,2.1,8.1
Braxton Key,SF,26,DEN,20,0,3,0.412,0.4,0.417,0.75,0.9,0.5,0.1,0.1,0.1,0.3,1.1
Corey Kispert,SF,24,WAS,80,22,25.8,0.486,0.383,0.643,0.726,2.8,2,0.5,0.2,1.2,1.8,13.4
Maxi Kleber,C,32,DAL,43,7,20.3,0.432,0.348,0.574,0.702,3.3,1.6,0.4,0.7,0.7,1.8,4.4
Kevin Knox,SF,24,DET,31,11,18.1,0.462,0.33,0.598,0.909,2.4,0.7,0.4,0.2,0.7,1.6,7.2
John Konchar,SF,27,MEM,55,23,21.3,0.423,0.317,0.568,0.84,4.7,2,0.9,0.9,0.8,1.4,4.3
Furkan Korkmaz,SG,26,PHI,35,0,8.6,0.395,0.35,0.444,0.7,0.9,0.7,0.4,0.1,0.3,0.5,2.5
Luke Kornet,C,28,BOS,63,7,15.6,0.7,1,0.698,0.907,4.1,1.1,0.4,1,0.3,1.2,5.3
Vit Krejci,PG,23,ATL,22,14,24.6,0.49,0.412,0.639,0.833,2.4,2.3,0.6,0.3,0.9,2.2,6.1
Jonathan Kuminga,PF,21,GSW,74,46,26.3,0.529,0.321,0.578,0.746,4.8,2.2,0.7,0.5,1.6,2.3,16.1
Kyle Kuzma,PF,28,WAS,70,70,32.6,0.463,0.336,0.53,0.775,6.6,4.2,0.5,0.7,2.7,2.2,22.2
Jock Landale,C,28,HOU,56,3,13.6,0.515,0.25,0.578,0.8,3.1,1.2,0.4,0.6,0.6,1.3,4.9
Jake LaRavia,PF,22,MEM,35,6,23,0.389,0.34,0.442,0.826,3.7,1.7,0.8,0.3,1.3,2,10.8
Zach LaVine,SG,28,CHI,25,23,34.9,0.452,0.349,0.536,0.854,5.2,3.9,0.8,0.3,2.1,2.3,19.5
A.J. Lawson,SG,23,DAL,42,0,7.4,0.446,0.26,0.577,0.652,1.2,0.5,0.2,0.1,0.3,0.5,3.2
Saben Lee,PG,24,PHO,24,0,7.7,0.364,0.125,0.462,0.744,1.3,1.3,0.3,0.1,0.3,0.5,3
Alex Len,C,30,SAC,48,0,9.3,0.617,0,0.641,0.588,2.7,1,0.2,0.7,0.6,1.4,2.5
Kawhi Leonard,SF,32,LAC,68,68,34.3,0.525,0.417,0.569,0.885,6.1,3.6,1.6,0.9,1.8,1.4,23.7
Caris LeVert,SG,29,CLE,68,10,28.8,0.421,0.325,0.486,0.766,4.1,5.1,1.1,0.5,1.7,1.8,14
Kira Lewis Jr.,PG,22,TOT,28,0,9.5,0.37,0.121,0.508,0.85,0.9,1.3,0.3,0.1,0.5,0.5,3.2
Kira Lewis Jr.,PG,22,NOP,15,0,9.6,0.308,0.1,0.438,0.909,0.9,1.2,0.3,0.1,0.5,0.5,2.9
Kira Lewis Jr.,PG,22,TOR,1,0,2,0,0,0,0,0,0,0,0,0,1,0
Kira Lewis Jr.,PG,22,UTA,12,0,9.9,0.45,0.154,0.593,0.778,1,1.6,0.3,0.1,0.5,0.3,3.8
Maxwell Lewis,SF,21,LAL,34,0,3,0.19,0.111,0.25,0.667,0.1,0.2,0.1,0,0.3,0.1,0.3
E.J. Liddell,PF,23,NOP,8,0,2.9,0.167,0,1,1,0.6,0.1,0.3,0.3,0.3,0.3,0.5
Damian Lillard,PG,33,MIL,73,73,35.3,0.424,0.354,0.49,0.92,4.4,7,1,0.2,2.6,1.8,24.3
Nassir Little,SF,23,PHO,45,2,10.2,0.46,0.3,0.667,0.85,1.7,0.5,0.2,0.2,0.3,0.9,3.4
Dereck Lively II,C,19,DAL,55,42,23.5,0.747,0,0.752,0.506,6.9,1.1,0.7,1.4,0.9,2.6,8.8
Isaiah Livers,PF,25,DET,23,6,20.4,0.345,0.286,0.462,0.667,2.1,1.1,0.6,0.2,0.7,1.9,5
Chris Livingston,SF,20,MIL,21,0,4.3,0.5,0.2,0.588,0.75,1,0.2,0.1,0,0.2,0.7,1.2
Kenneth Lofton Jr.,PF,21,TOT,21,0,9.5,0.462,0.292,0.537,0.654,1.8,1.6,0.3,0.2,0.7,1.1,4.6
Kenneth Lofton Jr.,PF,21,MEM,15,0,6.6,0.378,0.3,0.407,0.533,1,0.9,0.2,0.2,0.4,1,2.6
Kenneth Lofton Jr.,PF,21,PHI,2,0,4.5,0.167,0,0.25,0,1.5,0,0,0,1,0,1
Kenneth Lofton Jr.,PF,21,UTA,4,0,22.8,0.6,0.333,0.739,0.818,5,4.8,0.8,0.5,1.5,2.3,13.8
Kevon Looney,C,27,GSW,74,36,16.1,0.597,0,0.599,0.675,5.7,1.8,0.4,0.4,0.7,2.1,4.5
Brook Lopez,C,35,MIL,79,79,30.5,0.485,0.366,0.621,0.821,5.2,1.6,0.5,2.4,1,2.4,12.5
Robin Lopez,C,35,MIL,16,2,4.1,0.368,0.25,0.455,1,0.3,0.3,0.1,0.2,0.1,0.4,1.1
Kevin Love,PF,35,MIA,55,5,16.8,0.44,0.344,0.643,0.787,6.1,2.1,0.3,0.2,0.9,1.8,8.8
Kyle Lowry,PG,37,TOT,60,55,28.2,0.432,0.392,0.512,0.84,3.2,4.2,1,0.4,1.4,2.4,8.1
Kyle Lowry,PG,37,MIA,37,35,28,0.426,0.385,0.506,0.833,3.5,4,1.1,0.4,1.4,2.5,8.2
Kyle Lowry,PG,37,PHI,23,20,28.4,0.444,0.404,0.522,0.848,2.8,4.6,0.9,0.3,1.4,2.3,8
Seth Lundy,SF,23,ATL,9,0,5.8,0.235,0.231,0.25,0.75,0.8,0,0,0,0.1,0.7,1.6
Trey Lyles,PF,28,SAC,58,0,20,0.445,0.384,0.578,0.7,4.4,1.2,0.3,0.3,0.7,1.5,7.2
Théo Maledon,PG,22,TOT,17,1,12.5,0.286,0.167,0.375,0.933,1.4,1.6,0.4,0,1.1,1.2,3.5
Théo Maledon,PG,22,CHO,13,1,15.4,0.288,0.167,0.389,0.917,1.8,2.2,0.5,0,1.2,1.4,4.2
Théo Maledon,PG,22,PHO,4,0,3.3,0.25,0,0.25,1,0.3,0,0,0,0.8,0.8,1.3
Sandro Mamukelashvili,C,24,SAS,46,5,9.8,0.471,0.297,0.593,0.735,3.2,1.1,0.2,0.3,0.4,0.8,4.1
Terance Mann,SG,27,LAC,75,71,25,0.515,0.348,0.633,0.832,3.4,1.6,0.6,0.2,0.6,1.9,8.8
Tre Mann,PG,22,TOT,41,28,24.1,0.459,0.373,0.516,0.763,3.6,4,1.2,0.1,1.6,1.2,9.3
Tre Mann,PG,22,OKC,13,0,9.2,0.5,0.421,0.571,1,1.8,1.5,0.2,0,0.7,0.2,3.8
Tre Mann,PG,22,CHO,28,28,31,0.453,0.364,0.509,0.759,4.5,5.2,1.7,0.1,2,1.6,11.9
Boban Marjanovic,C,35,HOU,14,0,5.1,0.529,0,0.563,0.643,2.3,0.4,0.1,0.1,0.4,0.4,3.2
Lauri Markkanen,PF,26,UTA,55,55,33.1,0.48,0.399,0.559,0.899,8.2,2,0.9,0.5,1.4,1.8,23.2
Naji Marshall,SF,26,NOP,66,1,19,0.463,0.387,0.516,0.791,3.6,1.9,0.7,0.2,1,1.4,7.1
Caleb Martin,SF,28,MIA,64,23,27.4,0.431,0.349,0.489,0.778,4.4,2.2,0.7,0.5,1.2,2,10
Cody Martin,SF,28,CHO,28,22,26.9,0.381,0.314,0.426,0.606,3.9,3.7,1.1,0.6,1.6,1.7,7.5
KJ Martin,SF,23,TOT,60,2,12.4,0.536,0.286,0.582,0.537,2.2,0.9,0.4,0.2,0.5,1.7,3.7
KJ Martin,SF,23,LAC,2,0,15.5,0.4,0.2,0.6,0.5,1.5,0.5,1,0.5,1,1.5,5
KJ Martin,SF,23,PHI,58,2,12.3,0.544,0.304,0.581,0.538,2.2,0.9,0.3,0.2,0.5,1.7,3.7
Garrison Mathews,SG,27,ATL,66,5,15,0.456,0.44,0.545,0.81,1.4,0.6,0.3,0.1,0.3,1.7,4.9
Bennedict Mathurin,SF,21,IND,59,19,26.1,0.446,0.374,0.481,0.821,4,2,0.6,0.2,1.6,2,14.5
Wesley Matthews,SG,37,ATL,36,3,11.5,0.351,0.348,0.357,0.75,1.5,0.6,0.4,0.3,0.2,1.2,3.1
Tyrese Maxey,PG,23,PHI,70,70,37.5,0.45,0.373,0.501,0.868,3.7,6.2,1,0.5,1.7,2.2,25.9
Skylar Mays,PG-SG,26,TOT,38,5,11.4,0.396,0.296,0.448,0.765,1.1,2.2,0.6,0.1,0.5,0.7,4.1
Skylar Mays,PG,26,POR,21,5,17,0.384,0.286,0.438,0.765,1.8,3.6,0.7,0.1,0.9,1,6.3
Skylar Mays,SG,26,LAL,17,0,4.5,0.476,0.4,0.5,0,0.4,0.6,0.4,0.1,0.1,0.4,1.3
Miles McBride,PG,23,NYK,68,14,19.5,0.452,0.41,0.511,0.86,1.5,1.7,0.7,0.1,0.4,1.6,8.3
CJ McCollum,PG,32,NOP,66,66,32.7,0.459,0.429,0.492,0.827,4.3,4.6,0.9,0.6,1.7,1.9,20
T.J. McConnell,PG,31,IND,71,4,18.2,0.556,0.409,0.568,0.79,2.7,5.5,1,0.1,1.5,1.1,10.2
Jaden McDaniels,SF,23,MIN,72,71,29.2,0.489,0.337,0.592,0.722,3.1,1.4,0.9,0.6,1.2,3,10.5
Jalen McDaniels,SF,26,TOR,50,1,10.8,0.344,0.169,0.449,0.73,1.6,0.7,0.4,0.1,0.6,1,3.4
Doug McDermott,SF,32,TOT,64,0,14.1,0.433,0.41,0.527,0.579,0.9,1.1,0.3,0,0.4,1,5.5
Doug McDermott,SF,32,SAS,46,0,15.2,0.442,0.439,0.452,0.588,1,1.2,0.2,0,0.5,1,6
Doug McDermott,SF,32,IND,18,0,11.3,0.406,0.321,0.769,0.5,0.6,0.7,0.3,0,0.2,0.9,4.2
JaVale McGee,C,36,SAC,46,0,7.4,0.598,0.143,0.624,0.578,2.7,0.4,0.3,0.4,0.7,1,4
Bryce McGowens,SG,21,CHO,59,14,14.9,0.439,0.333,0.523,0.776,1.7,0.9,0.4,0.2,0.5,1.3,5.1
Jordan McLaughlin,PG,27,MIN,56,0,11.2,0.483,0.472,0.5,0.722,1.3,2,0.6,0.1,0.3,0.6,3.5
De'Anthony Melton,SG,25,PHI,38,33,26.9,0.386,0.36,0.425,0.835,3.7,3,1.6,0.4,1,2.2,11.1
Nathan Mensah,C,25,CHO,25,0,12.3,0.429,0,0.429,0.75,2.6,0.4,0.2,0.6,0.6,2.6,1.3
Sam Merrill,SG,27,CLE,61,1,17.5,0.402,0.404,0.385,0.929,2,1.8,0.3,0.1,0.3,1.2,8
Chimezie Metu,C,26,TOT,51,12,16.8,0.504,0.298,0.633,0.906,3.8,0.9,0.8,0.3,1,1.4,6.5
Chimezie Metu,C,26,PHO,37,5,12.1,0.508,0.294,0.646,0.884,3,0.5,0.5,0.2,0.7,1.1,5
Chimezie Metu,C,26,DET,14,7,29.4,0.5,0.302,0.62,0.952,6,1.9,1.7,0.5,1.8,2.3,10.5
Vasilije Micic,PG,30,TOT,60,21,19.6,0.43,0.279,0.537,0.813,1.5,4.4,0.5,0.1,1.7,1.1,7
Vasilije Micic,PG,30,OKC,30,0,12,0.407,0.244,0.565,0.737,0.8,2.5,0.3,0.1,1,0.7,3.3
Vasilije Micic,PG,30,CHO,30,21,27.2,0.437,0.294,0.529,0.839,2.1,6.2,0.7,0.1,2.3,1.5,10.8
Khris Middleton,SF,32,MIL,55,55,27,0.493,0.381,0.563,0.833,4.7,5.3,0.9,0.3,2.3,2.6,15.1
Brandon Miller,SF,21,CHO,74,68,32.2,0.44,0.373,0.495,0.827,4.3,2.4,0.9,0.6,1.8,2.5,17.3
Jordan Miller,SF,24,LAC,8,0,3.5,0.556,0.5,0.571,1,0.6,0,0,0,0.1,0.3,1.6
Leonard Miller,SF,20,MIN,17,0,3.1,0.65,0.4,0.733,0.5,1.2,0.5,0.1,0.1,0.1,0.3,1.7
Dariq Whitehead,SF,19,BRK,2,0,12,0.2,0,0.5,0.5,2,1.5,0,0.5,0,0,1.5
Patty Mills,PG,35,TOT,32,5,13,0.351,0.276,0.5,1,1.1,1.1,0.6,0,0.5,1,4
Patty Mills,PG,35,ATL,19,0,10.6,0.373,0.382,0.353,0,1.1,0.7,0.5,0.1,0.4,0.9,2.7
Patty Mills,PG,35,MIA,13,5,16.4,0.338,0.208,0.593,1,1.2,1.5,0.8,0,0.6,1.2,5.8
Shake Milton,SG,27,TOT,48,0,12.1,0.405,0.281,0.466,0.816,1.6,1.3,0.4,0.1,0.6,1.1,4.5
Shake Milton,SG,27,MIN,38,0,12.9,0.4,0.264,0.467,0.818,1.3,1.3,0.4,0.1,0.7,1.2,4.7
Shake Milton,SG,27,DET,4,0,15.8,0.423,0.333,0.471,0.667,4.5,1.5,0.5,0.3,0.8,0.8,6.8
Shake Milton,SG,27,NYK,6,0,4.5,0.444,0.5,0.429,1,1,0.7,0.2,0,0,1.2,1.8
Justin Minaya,SF,24,POR,34,1,11.2,0.297,0.245,0.4,0.556,1.6,0.6,0.3,0.3,0.3,1,1.8
Josh Minott,SF,21,MIN,32,0,2.8,0.472,0.4,0.5,0.857,0.5,0.3,0.2,0.2,0.1,0.3,1.6
Davion Mitchell,PG,25,SAC,72,4,15.3,0.452,0.361,0.539,0.714,1.3,1.9,0.2,0,0.6,1.2,5.3
Donovan Mitchell,SG,27,CLE,55,55,35.3,0.462,0.368,0.539,0.865,5.1,6.1,1.8,0.5,2.8,2.1,26.6
Evan Mobley,PF,22,CLE,50,50,30.6,0.58,0.373,0.604,0.719,9.4,3.2,0.9,1.4,1.8,2.7,15.7
Isaiah Mobley,PF,24,CLE,10,0,7.2,0.417,0.3,0.5,0,1,0.6,0.2,0,0.2,0.6,2.3
Malik Monk,SG,25,SAC,72,0,26,0.443,0.35,0.528,0.829,2.9,5.1,0.6,0.5,2.1,2.2,15.4
Moses Moody,SG,21,GSW,66,9,17.5,0.462,0.36,0.555,0.785,3,0.9,0.6,0.4,0.7,1.4,8.1
Xavier Moon,SG,29,LAC,14,1,8.5,0.326,0.118,0.448,0.5,1.3,1.5,0.2,0.2,0.4,0.6,2.4
Taze Moore,SG,25,POR,4,0,10,0.421,0.143,0.583,0.5,2,1.3,0.5,0,0.8,1,4.5
Wendell Moore Jr.,SG,22,MIN,25,0,3,0.5,0,0.75,0,0.5,0.2,0.2,0,0.2,0.2,0.7
Ja Morant,PG,24,MEM,9,9,35.3,0.471,0.275,0.555,0.813,5.6,8.1,0.8,0.6,3,2.1,25.1
Marcus Morris,PF,34,TOT,49,7,16.7,0.439,0.403,0.469,0.818,2.7,0.7,0.3,0.3,0.6,1.5,6.4
Marcus Morris,PF,34,PHI,37,7,17.2,0.439,0.4,0.47,0.861,2.9,0.7,0.4,0.3,0.5,1.6,6.7
Marcus Morris,PF,34,CLE,12,0,15,0.441,0.414,0.467,0.625,2.1,0.8,0.2,0.2,0.9,1.1,5.8
Markieff Morris,PF,34,DAL,26,1,8.3,0.338,0.357,0.308,0.833,1.5,0.6,0.2,0.1,0.5,0.5,2.5
Monte Morris,PG,28,TOT,33,0,14.4,0.405,0.386,0.422,0.684,1.7,2.1,0.6,0.3,0.2,0.4,5
Monte Morris,PG,28,DET,6,0,11.3,0.364,0.182,0.455,0.5,2,1.3,0.2,0.2,0.3,0.2,4.5
Monte Morris,PG,28,MIN,27,0,15.1,0.417,0.424,0.41,0.706,1.7,2.3,0.7,0.3,0.2,0.5,5.1
Trey Murphy III,SF,23,NOP,57,23,29.6,0.443,0.38,0.602,0.815,4.9,2.2,0.9,0.5,0.6,1.2,14.8
Dejounte Murray,SG,27,ATL,78,78,35.7,0.459,0.363,0.518,0.794,5.3,6.4,1.4,0.3,2.6,1.8,22.5
Jamal Murray,PG,26,DEN,59,59,31.5,0.481,0.425,0.51,0.853,4.1,6.5,1,0.7,2.1,1.8,21.2
Keegan Murray,SF,23,SAC,77,77,33.6,0.454,0.358,0.56,0.831,5.5,1.7,1,0.8,0.8,2.7,15.2
Kris Murray,SF,23,POR,62,29,21.7,0.396,0.268,0.525,0.661,3.6,1.3,0.9,0.3,0.9,1.5,6.1
Mike Muscala,C,32,TOT,53,6,11.3,0.359,0.292,0.467,0.68,2.4,0.7,0.2,0.2,0.4,1,3
Mike Muscala,C,32,WAS,24,2,14.1,0.367,0.275,0.487,0.75,3.1,0.9,0.2,0.3,0.7,1.3,4
Mike Muscala,C,32,DET,13,4,13.2,0.341,0.382,0.2,0.5,2.2,0.8,0.2,0.4,0.2,1,3.5
Mike Muscala,C,32,OKC,16,0,5.7,0.364,0.091,0.636,0,1.3,0.3,0.1,0.1,0.3,0.5,1.1
Svi Mykhailiuk,SF,26,BOS,41,2,10.1,0.416,0.389,0.517,0.667,1.2,0.9,0.3,0,0.3,0.5,4
Larry Nance Jr.,C,31,NOP,61,0,19.9,0.573,0.415,0.631,0.77,5,1.9,1,0.3,0.8,1.6,5.7
Pete Nance,PF,23,CLE,8,0,3.4,0.167,1,0,0,0.4,0,0.1,0,0.1,0.3,0.4
Andrew Nembhard,PG,24,IND,68,47,25,0.498,0.357,0.567,0.804,2.1,4.1,0.9,0.1,1.5,2.1,9.2
Aaron Nesmith,SF,24,IND,72,47,27.7,0.496,0.419,0.581,0.781,3.8,1.5,0.9,0.7,0.9,3.3,12.2
Georges Niang,PF,30,CLE,82,10,22.3,0.449,0.376,0.572,0.85,3.4,1.2,0.4,0.2,0.9,2.3,9.4
Daishen Nix,PG,21,MIN,15,0,3.3,0.375,0.353,0.429,0.5,0.2,0.4,0.3,0,0.3,0.1,1.8
Zeke Nnaji,PF,23,DEN,58,0,9.9,0.463,0.261,0.5,0.677,2.2,0.6,0.3,0.7,0.5,1.4,3.2
Jaylen Nowell,SG,24,TOT,13,1,16.5,0.436,0.207,0.571,0.778,1.8,1.5,0.3,0.2,0.5,1.2,6.2
Jaylen Nowell,SG,24,MEM,9,1,17.3,0.4,0.174,0.563,1,1.6,1.8,0.3,0,0.6,1.4,5.7
Jaylen Nowell,SG,24,DET,4,0,14.5,0.522,0.333,0.588,0.667,2.5,0.8,0.3,0.5,0.5,0.5,7.5
Markquis Nowell,SG,24,TOR,1,0,4,0,0,0,1,2,2,1,0,0,0,2
Frank Ntilikina,PG,25,CHO,5,0,8.6,0.111,0.125,0,1,1.2,0.8,0,0,0.2,0.8,1
Jusuf Nurkic,C,29,PHO,76,76,27.3,0.51,0.244,0.555,0.64,11,4,1.1,1.1,2.3,3.3,10.9
Jordan Nwora,SF,25,TOT,52,1,13.7,0.462,0.336,0.56,0.83,2.9,1.2,0.5,0.3,1,0.9,7
Jordan Nwora,SF,25,IND,18,0,10.2,0.451,0.306,0.565,0.818,1.8,1,0.3,0.1,0.7,1.1,5.2
Jordan Nwora,SF,25,TOR,34,1,15.6,0.465,0.347,0.557,0.833,3.4,1.3,0.6,0.4,1.2,0.9,7.9
Royce O'Neale,SF,30,TOT,79,14,24.7,0.397,0.37,0.496,0.686,4.8,2.8,0.7,0.6,0.9,2.2,7.7
Royce O'Neale,SF,30,BRK,49,6,24.5,0.388,0.366,0.483,0.682,4.5,2.8,0.7,0.6,1,2.4,7.4
Royce O'Neale,SF,30,PHO,30,8,25.1,0.411,0.376,0.509,0.692,5.2,2.7,0.9,0.5,0.7,1.8,8.1
Chuma Okeke,SF,25,ORL,47,8,9.2,0.357,0.28,0.567,0.571,1.7,0.4,0.2,0.1,0.3,0.4,2.3
Josh Okogie,SG,25,PHO,60,11,16,0.417,0.309,0.509,0.745,2.6,1.1,0.8,0.4,0.6,1.1,4.6
Onyeka Okongwu,C,23,ATL,55,8,25.5,0.611,0.333,0.676,0.793,6.8,1.3,0.5,1.1,0.8,2.9,10.2
Isaac Okoro,SF,23,CLE,69,42,27.3,0.49,0.391,0.57,0.679,3,1.9,0.8,0.5,0.8,2,9.4
Kelly Olynyk,C,32,TOT,78,27,22.6,0.555,0.387,0.632,0.833,5.3,4.4,0.9,0.4,1.9,2.9,9.8
Kelly Olynyk,C,32,UTA,50,8,20.4,0.562,0.429,0.626,0.842,5.1,4.4,0.7,0.2,1.6,2.6,8.1
Kelly Olynyk,C,32,TOR,28,19,26.4,0.548,0.338,0.637,0.824,5.6,4.6,1.3,0.6,2.5,3.5,12.7
Eugene Omoruyi,SF,26,WAS,43,0,9.1,0.485,0.283,0.562,0.653,2,0.8,0.6,0.1,0.5,1.4,4.8
Cedi Osman,SF,28,SAS,72,3,17.6,0.479,0.389,0.601,0.673,2.5,1.7,0.5,0.2,0.7,1.5,6.8
Kelly Oubre Jr.,SF,28,PHI,68,52,30.2,0.441,0.311,0.517,0.75,5,1.5,1.1,0.7,1.3,2.9,15.4
Chris Paul,PG,38,GSW,58,18,26.4,0.441,0.371,0.498,0.827,3.9,6.8,1.2,0.1,1.3,1.9,9.2
Cameron Payne,PG,29,TOT,78,10,16.7,0.432,0.39,0.486,0.866,1.5,2.6,0.5,0.1,0.8,1.6,7.4
Cameron Payne,PG,29,MIL,47,2,14.9,0.455,0.397,0.538,0.841,1.3,2.3,0.5,0.1,0.7,1.6,6.2
Cameron Payne,PG,29,PHI,31,8,19.4,0.413,0.382,0.447,0.913,1.8,3.1,0.6,0.3,1.1,1.7,9.3
Gary Payton II,SG,31,GSW,44,0,15.5,0.563,0.364,0.648,0.609,2.6,1.1,0.9,0.4,0.6,1.8,5.5
Mãozinha Pereira,SF,23,MEM,7,1,17.4,0.514,0.385,0.591,0.7,5.3,0.3,0.9,0.6,0.7,1.4,6.9
Drew Peterson,PF,24,BOS,3,0,7.7,0.667,0.6,1,0,0.3,0.3,0.7,0,0.3,0.3,3.7
Filip Petrušev,C,23,TOT,3,0,3.3,0.5,0,0.5,0.5,0.3,0,0,0,0,0.3,1
Filip Petrušev,C,23,PHI,1,0,3,0,0,0,0,1,0,0,0,0,0,0
Filip Petrušev,C,23,SAC,2,0,3.5,0.5,0,0.5,0.5,0,0,0,0,0,0.5,1.5
Julian Phillips,SF,20,CHI,40,0,8.1,0.416,0.316,0.513,0.684,0.9,0.3,0.2,0.2,0.3,1,2.2
Jalen Pickett,SG,24,DEN,27,0,4.5,0.429,0.36,0.6,0.75,0.5,0.8,0.1,0,0.3,0.5,1.6
Scotty Pippen Jr.,PG,23,MEM,21,16,25.1,0.493,0.417,0.534,0.745,3.2,4.7,1.7,0.5,2.7,2.9,12.9
Mason Plumlee,C,33,LAC,46,11,14.7,0.569,0,0.592,0.707,5.1,1.2,0.3,0.4,0.8,1.5,5.3
Brandin Podziemski,SG,20,GSW,74,28,26.6,0.454,0.385,0.499,0.633,5.8,3.7,0.8,0.2,1.2,1.6,9.2
Jakob Poeltl,C,28,TOR,50,50,26.4,0.656,0,0.656,0.551,8.6,2.5,0.7,1.5,1.5,3,11.1
Aleksej Pokusevski,PF,22,TOT,28,0,14.5,0.405,0.327,0.47,0.732,3.2,1.3,0.5,0.5,0.7,0.8,5.2
Aleksej Pokusevski,PF,22,OKC,10,0,6,0.25,0.182,0.4,0.5,1,0.5,0.1,0.1,0.3,0.5,1.2
Aleksej Pokusevski,PF,22,CHO,18,0,19.2,0.429,0.364,0.475,0.757,4.4,1.7,0.8,0.7,0.9,0.9,7.4
Jordan Poole,SG,24,WAS,78,66,30.1,0.413,0.326,0.492,0.877,2.7,4.4,1.1,0.3,2.4,3.1,17.4
Craig Porter Jr.,PG,23,CLE,51,6,12.7,0.509,0.353,0.536,0.732,2.1,2.3,0.4,0.3,0.9,0.8,5.6
Jontay Porter,PF,24,TOR,26,5,13.8,0.385,0.333,0.455,0.833,3.2,2.3,0.8,0.8,0.8,1.3,4.4
Michael Porter Jr.,SF,25,DEN,81,81,31.7,0.484,0.397,0.575,0.836,7,1.5,0.5,0.7,1.1,1.8,16.7
Otto Porter Jr.,SF,30,TOR,15,1,11.6,0.424,0.348,0.6,1,1.9,0.5,0.3,0.3,0.1,1.3,2.6
Bobby Portis,PF,28,MIL,82,4,24.5,0.508,0.407,0.545,0.79,7.4,1.3,0.8,0.4,1.1,2.3,13.8
Kristaps Porzingis,C,28,BOS,57,57,29.6,0.516,0.375,0.606,0.858,7.2,2,0.7,1.9,1.6,2.7,20.1
Micah Potter,PF,25,UTA,16,0,11.6,0.475,0.429,0.526,0.75,2.7,0.4,0.3,0.4,0.3,0.9,3.3
Dwight Powell,C,32,DAL,63,9,13.3,0.679,0.333,0.689,0.708,3.4,1.3,0.4,0.3,0.5,1.8,3.3
Norman Powell,SG,30,LAC,76,3,26.2,0.486,0.435,0.536,0.831,2.6,1.1,0.6,0.3,0.9,1.8,13.9
Jason Preston,PG,24,UTA,7,0,10.1,0.316,0,0.375,0,2.4,2.3,0.3,0.1,0.3,0.4,1.7
Joshua Primo,SG,21,LAC,2,0,5,0.333,0,0.5,0,0.5,0,0,0.5,2,0,1
Taurean Prince,PF,29,LAL,78,49,27,0.442,0.396,0.519,0.735,2.9,1.5,0.7,0.4,0.9,1.9,8.9
Payton Pritchard,PG,26,BOS,82,5,22.3,0.468,0.385,0.593,0.821,3.2,3.4,0.5,0.1,0.7,1.3,9.6
Olivier-Maxence Prosper,PF,21,DAL,40,1,8.4,0.385,0.289,0.458,0.683,2,0.6,0.2,0.1,0.2,0.5,3
Trevelin Queen,SG,26,ORL,14,0,11.8,0.368,0.176,0.524,0.75,1.4,1.3,0.5,0.4,0.5,1.1,2.9
Neemias Queta,C,24,BOS,28,0,11.9,0.644,0,0.644,0.714,4.4,0.7,0.5,0.8,0.5,1.8,5.5
Immanuel Quickley,PG-SG,24,TOT,68,38,29.2,0.434,0.395,0.471,0.853,3.8,4.9,0.7,0.1,1.5,1.8,17
Immanuel Quickley,SG,24,NYK,30,0,24,0.454,0.395,0.509,0.872,2.6,2.5,0.5,0.1,1,1.5,15
Immanuel Quickley,PG,24,TOR,38,38,33.3,0.422,0.395,0.448,0.841,4.8,6.8,0.9,0.2,1.8,2,18.6
Lester Quinones,SG,23,GSW,37,0,10.6,0.397,0.364,0.453,0.69,1.9,1,0.2,0.1,0.5,1.2,4.4
Jahmi'us Ramsey,SG,22,TOR,7,1,17.3,0.439,0.273,0.632,0.833,3.1,1.1,1,0,1,1.4,6.7
Julius Randle,PF,29,NYK,46,46,35.4,0.472,0.311,0.539,0.781,9.2,5,0.5,0.3,3.5,2.7,24
Duop Reath,C,27,POR,68,20,17.9,0.461,0.359,0.559,0.742,3.7,1,0.5,0.6,0.8,2.4,9.1
Austin Reaves,SG,25,LAL,82,57,32.1,0.486,0.367,0.583,0.853,4.3,5.5,0.8,0.3,2.1,1.9,15.9
Cam Reddish,SF,24,LAL,48,26,20.5,0.389,0.336,0.435,0.759,2.1,1,1,0.3,0.6,1.3,5.4
Paul Reed,C,24,PHI,82,24,19.4,0.54,0.368,0.563,0.718,6,1.3,0.8,1,0.8,2.4,7.3
Naz Reid,C,24,MIN,81,14,24.2,0.477,0.414,0.535,0.736,5.2,1.3,0.8,0.9,1.4,2.1,13.5
Jared Rhoden,SG,24,DET,17,0,14.4,0.5,0.387,0.6,0.625,1.9,0.8,0.2,0.8,0.4,1.6,4.9
Nick Richards,C,26,CHO,67,51,26.3,0.691,0,0.693,0.737,8,0.8,0.4,1.1,1.1,2.6,9.7
Josh Richardson,SG,30,MIA,43,6,25.7,0.444,0.347,0.561,0.944,2.8,2.4,0.6,0.3,0.8,1.8,9.9
Duncan Robinson,SF,29,MIA,68,36,28,0.45,0.395,0.579,0.889,2.5,2.8,0.7,0.2,1.4,2.4,12.9
Jerome Robinson,SG,26,GSW,22,0,3.7,0.333,0.118,0.563,0.636,0.3,0.2,0,0.1,0.1,0.2,1.4
Mitchell Robinson,C,25,NYK,31,21,24.8,0.575,0,0.575,0.409,8.5,0.6,1.2,1.1,0.8,1.8,5.6
Orlando Robinson,C,23,MIA,36,7,8.4,0.5,0.533,0.491,0.76,2.3,0.9,0.2,0.2,0.5,1,2.8
Jeremiah Robinson-Earl,PF,23,NOP,39,1,8.6,0.474,0.333,0.571,0.75,1.9,0.5,0.3,0.1,0.4,0.6,2.9
David Roddy,PF,22,TOT,65,13,18.1,0.403,0.293,0.478,0.691,3.2,1.2,0.4,0.2,0.9,1.1,6.5
David Roddy,PF,22,MEM,48,13,23.2,0.402,0.301,0.47,0.687,4.2,1.6,0.5,0.2,1.1,1.4,8.4
David Roddy,PF,22,PHO,17,0,3.7,0.435,0.125,0.6,1,0.6,0.2,0.1,0,0.2,0.2,1.3
Ryan Rollins,PG,21,TOT,13,0,6,0.519,0.75,0.478,0.765,1,1.1,0.8,0.2,0.6,0.6,3.4
Ryan Rollins,PG,21,WAS,10,0,6.6,0.52,0.667,0.5,0.765,1.1,1.1,0.8,0.3,0.7,0.7,4.1
Ryan Rollins,PG,21,MIL,3,0,4,0.5,1,0,0,0.7,1,0.7,0,0.3,0.3,1
Derrick Rose,PG,35,MEM,24,7,16.6,0.461,0.366,0.492,0.889,1.9,3.3,0.3,0.1,1.3,0.9,8
Terry Rozier,PG-SG,29,TOT,61,60,33.4,0.443,0.363,0.498,0.869,4,5.6,1,0.3,1.7,1.7,19.8
Terry Rozier,SG,29,CHO,30,30,35.5,0.459,0.358,0.533,0.845,3.9,6.6,1.1,0.4,2.2,1.7,23.2
Terry Rozier,PG,29,MIA,31,30,31.5,0.423,0.371,0.458,0.913,4.2,4.6,1,0.3,1.3,1.6,16.4
Rayan Rupert,SG,19,POR,39,12,16.2,0.335,0.359,0.313,0.76,2.4,1.6,0.3,0.1,0.8,1.4,4
D'Angelo Russell,PG,27,LAL,76,69,32.7,0.456,0.415,0.497,0.828,3.1,6.3,0.9,0.5,2.1,2.1,18
Matt Ryan,SF,26,NOP,28,1,13.9,0.434,0.451,0.364,0.929,1.4,0.6,0.2,0,0.7,1.1,5.4
Domantas Sabonis,C,27,SAC,82,82,35.7,0.594,0.379,0.613,0.704,13.7,8.2,0.9,0.6,3.3,3,19.4
Jermaine Samuels,SF,25,HOU,14,0,4.3,0.643,0,0.75,1,0.9,0.2,0.1,0.1,0,0.4,1.4
Adama Sanogo,PF,21,CHI,9,0,7.3,0.519,0,0.519,0.667,4,0,0.1,0,0.6,0.6,4
Gui Santos,PF,21,GSW,23,0,8.3,0.509,0.37,0.643,0.941,2.1,0.6,0.2,0.1,0.3,1,3.6
Dario Saric,C,29,GSW,64,9,17.2,0.466,0.376,0.56,0.849,4.4,2.3,0.5,0.2,1.2,1.8,8
Olivier Sarr,C,24,OKC,15,0,6.5,0.579,0.333,0.692,0.667,2.4,0.1,0,0.5,0.2,1.2,2.3
Marcus Sasser,PG,23,DET,71,11,19,0.428,0.375,0.474,0.879,1.8,3.3,0.6,0.2,1.3,1.5,8.3
Admiral Schofield,PF,26,ORL,23,0,3.7,0.385,0.375,0.4,0,0.7,0.3,0,0,0.2,0.4,1.1
Dennis Schröder,PG,30,TOT,80,58,31.1,0.435,0.375,0.474,0.836,3,6.1,0.8,0.2,1.9,2.1,14
Dennis Schröder,PG,30,TOR,51,33,30.6,0.442,0.35,0.501,0.852,2.7,6.1,0.9,0.2,1.6,2.1,13.7
Dennis Schröder,PG,30,BRK,29,25,32,0.424,0.412,0.432,0.797,3.5,6,0.6,0.3,2.4,2,14.6
Dereon Seabron,SG,23,NOP,6,0,9.2,0.308,0.5,0.273,0.833,1.2,0.8,0.3,0.2,0,0.7,2.3
Alperen Sengun,C,21,HOU,63,63,32.5,0.537,0.297,0.567,0.693,9.3,5,1.2,0.7,2.6,3.3,21.1
Brice Sensabaugh,SF,20,UTA,32,11,18.3,0.39,0.296,0.495,0.902,3.2,1.7,0.4,0.2,1.5,1.3,7.5
Collin Sexton,SG,25,UTA,78,51,26.6,0.487,0.394,0.53,0.859,2.6,4.9,0.8,0.2,2.1,2,18.7
Landry Shamet,SG,26,WAS,46,5,15.8,0.431,0.338,0.556,0.826,1.3,1.2,0.5,0.2,0.7,1.7,7.1
Day'Ron Sharpe,C,22,BRK,61,1,15.1,0.571,0.267,0.588,0.61,6.4,1.4,0.4,0.7,1.1,2.1,6.8
Shaedon Sharpe,SG,20,POR,32,25,33.1,0.406,0.333,0.457,0.824,5,2.9,0.9,0.4,2.3,2.8,15.9
Ben Sheppard,SG,22,IND,57,1,14.3,0.393,0.314,0.562,0.885,1.6,0.9,0.6,0,0.3,1.5,4.4
Pascal Siakam,PF,29,TOT,80,80,33.2,0.536,0.346,0.581,0.732,7.1,4.3,0.8,0.3,1.8,2.4,21.7
Pascal Siakam,PF,29,TOR,39,39,34.7,0.522,0.317,0.584,0.758,6.3,4.9,0.8,0.3,2.1,2.2,22.2
Pascal Siakam,PF,29,IND,41,41,31.8,0.549,0.386,0.58,0.699,7.8,3.7,0.8,0.4,1.4,2.6,21.3
Ben Simmons,PG,27,BRK,15,12,23.9,0.581,0,0.581,0.4,7.9,5.7,0.8,0.6,1.8,2.4,6.1
Kobi Simmons,PG,26,TOR,4,0,16.8,0.429,0.25,0.538,0,1.8,3,1.5,0.5,0.3,1.3,5
Anfernee Simons,SG,24,POR,46,46,34.4,0.43,0.385,0.472,0.916,3.6,5.5,0.5,0.1,2.7,2.1,22.6
Zavier Simpson,PG,26,MEM,7,0,23,0.315,0.294,0.324,0.75,2.9,3.6,1,0.4,1.4,1.6,6
Jericho Sims,C,25,NYK,45,11,13,0.691,0,0.691,0.667,3.3,0.6,0.2,0.4,0.4,1,2
Dmytro Skapintsev,C,25,NYK,2,0,1,0,0,0,0,0,0,0,0,0,0,0
Jalen Slawson,SF,24,SAC,12,0,3.1,0.667,0,1,0,0.6,0.2,0.1,0.1,0.2,0.7,0.7
Javonte Smart,PG,24,PHI,1,0,1,0,0,0,0,0,0,0,0,0,0,0
Marcus Smart,PG,29,MEM,20,20,30.3,0.43,0.313,0.583,0.768,2.7,4.3,2.1,0.3,3.1,2.7,14.5
Dennis Smith Jr.,PG,26,BRK,56,2,18.9,0.435,0.294,0.502,0.741,2.9,3.6,1.2,0.2,1.2,2.2,6.6
Dru Smith,SG,26,MIA,9,0,14.6,0.455,0.412,0.5,1,1.6,1.6,1,0.3,0.6,1.3,4.3
Ish Smith,PG,35,CHO,43,5,17.2,0.418,0.5,0.413,0.75,1.8,3.4,0.4,0.1,1.1,1.1,3.2
Jabari Smith Jr.,PF,20,HOU,76,76,31.9,0.454,0.363,0.53,0.811,8.1,1.6,0.7,0.8,1.2,2.6,13.7
Jalen Smith,C,23,IND,61,14,17.2,0.592,0.424,0.689,0.692,5.5,1,0.3,0.6,0.7,2,9.9
Nick Smith Jr.,SG,19,CHO,51,0,14.3,0.391,0.432,0.35,0.867,1.4,1.2,0.2,0.1,0.8,1.1,5.9
Terquavion Smith,PG,21,PHI,16,0,5.3,0.391,0.371,0.455,0.6,0.3,0.8,0.5,0,0.4,0.5,3.3
Jeremy Sochan,PF,20,SAS,74,73,29.6,0.438,0.308,0.492,0.771,6.4,3.4,0.8,0.5,1.9,2.3,11.6
Pat Spencer,PG,27,GSW,6,0,4.3,0.5,0,1,0,0.7,0.8,0,0,0.2,0.2,0.7
Jaden Springer,SG-PG,21,TOT,49,2,10.3,0.399,0.208,0.49,0.833,1.6,0.9,0.7,0.3,0.7,1.3,3.3
Jaden Springer,SG,21,PHI,32,1,11.8,0.39,0.216,0.469,0.824,1.8,1.1,0.8,0.3,0.8,1.5,4
Jaden Springer,PG,21,BOS,17,1,7.6,0.433,0.182,0.579,0.875,1.2,0.5,0.6,0.2,0.5,1,2.1
Lamar Stevens,PF,26,TOT,38,3,14.7,0.45,0.304,0.485,0.778,3.3,0.7,0.6,0.6,0.6,1.2,7.2
Lamar Stevens,PF,26,BOS,19,1,6.4,0.467,0.375,0.486,0.727,1.6,0.4,0.3,0.3,0.5,0.7,2.8
Lamar Stevens,PF,26,MEM,19,2,23,0.446,0.289,0.484,0.791,5.1,1.1,0.9,0.9,0.8,1.6,11.5
Isaiah Stewart,PF,22,DET,46,45,30.9,0.487,0.383,0.575,0.753,6.6,1.6,0.4,0.8,1.4,2.2,10.9
Julian Strawther,SF,21,DEN,50,0,10.9,0.369,0.297,0.488,0.71,1.2,0.9,0.3,0.1,0.5,1.1,4.5
Max Strus,SF,27,CLE,70,70,32,0.418,0.351,0.546,0.794,4.8,4,0.9,0.4,1.6,2.4,12.2
Jalen Suggs,SG,22,ORL,75,75,27,0.471,0.397,0.556,0.756,3.1,2.7,1.4,0.6,1.8,2.7,12.6
Cole Swider,SF,24,MIA,18,0,4.8,0.395,0.333,0.625,1,0.4,0.3,0.1,0.1,0.4,0.2,2.3
Jae'Sean Tate,SF,28,HOU,65,9,15.9,0.472,0.299,0.559,0.667,3,1,0.6,0.2,0.6,2.1,4.1
Jayson Tatum,PF,25,BOS,74,74,35.7,0.471,0.376,0.542,0.833,8.1,4.9,1,0.6,2.5,2,26.9
Terry Taylor,PF,24,CHI,31,0,6.1,0.513,0.222,0.6,0.8,1.2,0.3,0.2,0.1,0.2,0.5,1.5
Garrett Temple,SG,37,TOR,27,2,10.7,0.372,0.3,0.447,0.818,1.7,1,0.4,0.1,0.5,1,3.3
Dalen Terry,SG,21,CHI,59,2,11.5,0.439,0.23,0.627,0.581,1.9,1.4,0.5,0.3,0.5,1.4,3.1
Daniel Theis,C,31,TOT,60,3,16.9,0.532,0.366,0.586,0.76,4.1,1,0.4,0.9,0.7,2.1,6.3
Daniel Theis,C,31,IND,1,0,8,0.25,0,0.333,0,0,0,0,0,0,1,2
Daniel Theis,C,31,LAC,59,3,17.1,0.536,0.371,0.589,0.76,4.1,1,0.4,0.9,0.7,2.1,6.3
Cam Thomas,SG,22,BRK,66,51,31.4,0.442,0.364,0.481,0.856,3.2,2.9,0.7,0.2,1.9,2.1,22.5
Isaiah Thomas,PG,34,PHO,6,0,3.2,0.3,0.5,0.167,0,0,0.5,0,0,0,0,1.3
Amen Thompson,SF,21,HOU,62,23,22.4,0.536,0.138,0.595,0.684,6.6,2.6,1.3,0.6,1.5,2.3,9.5
Ausar Thompson,SF,21,DET,63,38,25.1,0.483,0.186,0.575,0.597,6.4,1.9,1.1,0.9,1.3,2.8,8.8
Klay Thompson,SF,33,GSW,77,63,29.7,0.432,0.387,0.503,0.927,3.3,2.3,0.6,0.5,1.5,1.6,17.9
Tristan Thompson,C,32,CLE,49,0,11.2,0.608,0,0.613,0.288,3.6,1,0.2,0.3,0.6,1.2,3.3
JT Thor,PF,21,CHO,63,3,12.4,0.437,0.346,0.51,0.55,2.3,0.5,0.2,0.4,0.2,1,3.2
Matisse Thybulle,SF,26,POR,65,19,22.9,0.397,0.346,0.535,0.759,2.1,1.4,1.7,0.8,0.6,1.4,5.4
Xavier Tillman Sr.,C-PF,25,TOT,54,15,18,0.434,0.247,0.51,0.44,3.9,1.4,0.9,0.8,0.6,1.4,5.3
Xavier Tillman Sr.,C,25,MEM,34,13,20.6,0.408,0.226,0.469,0.419,4.6,1.7,1.2,1,0.9,1.8,6
Xavier Tillman Sr.,PF,25,BOS,20,2,13.7,0.515,0.286,0.684,0.571,2.7,1,0.5,0.5,0.3,0.8,4
Jacob Toppin,SF,23,NYK,9,0,4.2,0.556,0.25,0.8,1,0.8,0.3,0,0.1,0.1,0.3,1.4
Obi Toppin,PF,25,IND,82,28,21.1,0.573,0.403,0.706,0.77,3.9,1.6,0.6,0.5,0.8,1.7,10.3
Juan Toscano-Anderson,SF,30,SAC,11,0,4.8,0.25,0.25,0.25,0,1.3,0.4,0.1,0.1,0.2,1,0.6
Karl-Anthony Towns,PF,28,MIN,62,62,32.7,0.504,0.416,0.55,0.873,8.3,3,0.7,0.7,2.9,3.3,21.8
Gary Trent Jr.,SG,25,TOR,71,41,28.1,0.426,0.393,0.464,0.771,2.6,1.7,1.1,0.1,0.7,1.4,13.7
Oscar Tshiebwe,PF,24,IND,8,0,5.3,0.5,0,0.5,0.75,2,0.3,0.3,0.1,0,0.4,3.3
P.J. Tucker,PF,38,TOT,31,10,15.7,0.36,0.371,0.333,1,2.7,0.5,0.5,0.2,0.3,1.7,1.7
P.J. Tucker,PF,38,PHI,3,3,22,0.4,0.4,0,0,4.7,0,1,0.7,0.7,3,2
P.J. Tucker,PF,38,LAC,28,7,15,0.356,0.367,0.333,1,2.5,0.6,0.5,0.2,0.2,1.6,1.6
Myles Turner,C,27,IND,77,77,27,0.524,0.358,0.615,0.773,6.9,1.3,0.5,1.9,1.4,3,17.1
Hunter Tyson,PF,23,DEN,18,0,2.7,0.4,0.286,0.667,0,0.5,0.1,0.1,0,0.1,0.6,1.1
Stanley Umude,SG,24,DET,24,2,12.8,0.44,0.453,0.419,0.906,2.1,0.5,0.3,0.3,0.6,1.7,5.3
Jonas Valanciunas,C,31,NOP,82,82,23.5,0.559,0.308,0.609,0.785,8.8,2.1,0.4,0.8,1.4,2.7,12.2
Jarred Vanderbilt,PF,24,LAL,29,6,20,0.518,0.296,0.586,0.667,4.8,1.2,1.2,0.2,1,1.5,5.2
Fred VanVleet,PG,29,HOU,73,73,36.8,0.416,0.387,0.454,0.86,3.8,8.1,1.4,0.8,1.7,2.5,17.4
Devin Vassell,SG,23,SAS,68,62,33.1,0.472,0.372,0.544,0.801,3.8,4.1,1.1,0.3,1.6,1.1,19.5
Sasha Vezenkov,PF,28,SAC,42,0,12.2,0.44,0.375,0.549,0.8,2.3,0.5,0.5,0.2,0.3,1,5.4
Gabe Vincent,PG,27,LAL,11,0,19.8,0.306,0.107,0.571,0.5,0.8,1.9,0.8,0,0.5,1.7,3.1
Nikola Vucevic,C,33,CHI,76,74,34.3,0.484,0.294,0.55,0.822,10.5,3.3,0.7,0.8,1.6,2.5,18
Tristan Vukcevic,C,20,WAS,10,4,15.3,0.433,0.278,0.613,0.773,3.6,1.3,0.5,0.7,1,2.8,8.5
Dean Wade,PF,27,CLE,54,32,20.5,0.414,0.391,0.567,0.769,4,0.8,0.7,0.5,0.4,1.7,5.4
Franz Wagner,SF,22,ORL,72,72,32.5,0.482,0.281,0.57,0.85,5.3,3.7,1.1,0.4,1.9,2.3,19.7
Moritz Wagner,C,26,ORL,80,1,17.7,0.601,0.33,0.673,0.814,4.3,1.2,0.5,0.3,1.2,2,10.9
Ish Wainright,SF,29,TOT,11,0,5.6,0.292,0.35,0,1,1.3,0.1,0.4,0.1,0.2,0.7,2.1
Ish Wainright,SF,29,POR,7,0,6.6,0.333,0.375,0,1,1.3,0,0.3,0.1,0.1,0.6,2.9
Ish Wainright,SF,29,PHO,4,0,4,0.167,0.25,0,0,1.3,0.3,0.5,0,0.3,1,0.8
Jabari Walker,SF,21,POR,72,23,23.6,0.46,0.295,0.522,0.754,7.1,1,0.6,0.3,0.9,2.4,8.9
Jarace Walker,PF,20,IND,33,0,10.3,0.409,0.4,0.418,0.889,1.9,1.2,0.5,0.3,0.5,0.9,3.6
Lonnie Walker IV,SG,25,BRK,58,0,17.4,0.423,0.384,0.471,0.763,2.2,1.3,0.6,0.3,0.9,1.2,9.7
Cason Wallace,SG,20,OKC,82,13,20.6,0.491,0.419,0.572,0.784,2.3,1.5,0.9,0.5,0.5,1.6,6.8
Jordan Walsh,SF,19,BOS,9,1,9.2,0.4,0.222,0.667,0.5,2.2,0.6,0.6,0.1,0.3,1.2,1.7
T.J. Warren,SF,30,MIN,11,0,11.4,0.439,0.154,0.571,0.75,2,0.8,0.4,0.1,0.4,1,3.7
P.J. Washington,PF,25,TOT,73,45,30.4,0.436,0.32,0.558,0.683,5.6,1.9,1,0.8,1.3,2.3,12.9
P.J. Washington,PF,25,CHO,44,17,29.2,0.446,0.324,0.558,0.713,5.3,2.2,0.9,0.7,1.5,2.5,13.6
P.J. Washington,PF,25,DAL,29,28,32.2,0.421,0.314,0.556,0.627,6.2,1.5,1.2,0.9,1,2,11.7
TyTy Washington Jr.,PG,22,MIL,11,0,5.1,0.3,0.333,0.286,0,0.5,0.5,0.3,0,0.2,0.1,1.3
Yuta Watanabe,SF,29,TOT,34,0,13.6,0.353,0.294,0.516,0.588,1.6,0.4,0.4,0.2,0.6,1.1,3.4
Yuta Watanabe,SF,29,PHO,29,0,13.2,0.361,0.32,0.5,0.667,1.6,0.3,0.3,0.2,0.6,1.2,3.6
Yuta Watanabe,SF,29,MEM,5,0,16.4,0.316,0.1,0.556,0,1.8,1,0.6,0,0.6,1,2.6
Lindy Waters III,SG,26,OKC,38,0,7.4,0.471,0.435,0.632,1,1.1,0.6,0.1,0.2,0.2,0.6,3.6
Trendon Watford,PF,23,BRK,63,2,13.6,0.527,0.397,0.564,0.794,3.1,1.3,0.4,0.3,1,1.7,6.9
Peyton Watson,SF,21,DEN,80,4,18.6,0.465,0.296,0.553,0.67,3.2,1.1,0.5,1.1,0.7,1.8,6.7
Victor Wembanyama,C,20,SAS,71,71,29.7,0.465,0.325,0.534,0.796,10.6,3.9,1.2,3.6,3.7,2.2,21.4
Blake Wesley,SG,20,SAS,61,3,14.4,0.474,0.218,0.563,0.667,1.5,2.7,0.5,0.1,0.9,1.5,4.4
Russell Westbrook,PG,35,LAC,68,11,22.5,0.454,0.273,0.509,0.688,5,4.5,1.1,0.3,2.1,1.8,11.1
Coby White,PG,23,CHI,79,78,36.5,0.447,0.376,0.508,0.838,4.5,5.1,0.7,0.2,2.1,2.4,19.1
Derrick White,SG,29,BOS,73,73,32.6,0.461,0.396,0.555,0.901,4.2,5.2,1,1.2,1.5,2.1,15.2
Jack White,SF,26,MEM,4,0,16,0.125,0.2,0,0,3,0.3,1,0.3,0.5,0.8,1.5
Cam Whitmore,SF,19,HOU,47,2,18.7,0.454,0.359,0.538,0.679,3.8,0.7,0.6,0.4,1,1.4,12.3
Aaron Wiggins,SG,25,OKC,78,4,15.7,0.562,0.492,0.598,0.789,2.4,1.1,0.7,0.2,0.7,1.2,6.9
Andrew Wiggins,SF,28,GSW,71,59,27,0.453,0.358,0.498,0.751,4.5,1.7,0.6,0.6,1.2,2.1,13.2
Lindell Wigginton,PG,25,MIL,3,0,2.7,0.4,0,0.667,1,0,0,0,0,0.3,0.3,2
Alondes Williams,SG,24,MIA,7,0,2.3,0.25,0,0.5,1,0.1,0,0,0.1,0.3,0.3,0.7
Brandon Williams,PG,24,DAL,17,0,6.6,0.37,0.2,0.436,0.647,0.8,1,0.1,0.1,0.4,0.2,3.2
Grant Williams,PF,25,TOT,76,43,28,0.456,0.375,0.558,0.757,4.2,2.3,0.6,0.5,1.4,3,10.3
Grant Williams,PF,25,DAL,47,33,26.4,0.413,0.376,0.486,0.745,3.6,1.7,0.5,0.6,1.1,2.9,8.1
Grant Williams,PF,25,CHO,29,10,30.6,0.503,0.373,0.605,0.765,5.1,3.2,0.7,0.4,1.9,3.1,13.9
Jalen Williams,PF,22,OKC,71,71,31.3,0.54,0.427,0.576,0.814,4,4.5,1.1,0.6,1.7,2.5,19.1
Jaylin Williams,C,21,OKC,69,1,13,0.417,0.368,0.5,0.805,3.4,1.6,0.4,0.4,0.5,1.4,4
Jeenathan Williams,SG,24,HOU,22,0,5.9,0.54,0.4,0.556,0.538,1,0.3,0.2,0,0.2,0.5,2.9
Kenrich Williams,PF,29,OKC,69,1,14.9,0.468,0.397,0.54,0.5,3,1.3,0.6,0.1,0.5,1.5,4.7
Malik Williams,C,25,TOR,7,2,15.3,0.265,0.2,0.276,0,5.4,0.3,0.4,0.6,0.4,2.1,2.7
Mark Williams,C,22,CHO,19,19,26.7,0.649,0,0.649,0.719,9.7,1.2,0.8,1.1,0.9,2.6,12.7
Patrick Williams,PF,22,CHI,43,30,27.3,0.443,0.399,0.474,0.788,3.9,1.5,0.9,0.8,1.3,2,10
Robert Williams,C,26,POR,6,0,19.8,0.654,0,0.654,0.778,6.3,0.8,1.2,1.2,1.2,2.8,6.8
Vince Williams Jr.,SG,23,MEM,52,33,27.6,0.446,0.378,0.529,0.8,5.6,3.4,0.9,0.7,1.8,2.6,10
Ziaire Williams,SF,22,MEM,51,15,20.4,0.397,0.307,0.487,0.827,3.5,1.5,0.7,0.2,1.3,1.7,8.2
Zion Williamson,PF,23,NOP,70,70,31.5,0.57,0.333,0.574,0.702,5.8,5,1.1,0.7,2.8,2.3,22.9
D.J. Wilson,PF,27,PHI,2,0,7.5,0.667,1,0.5,0,1,1,0,1,0,0.5,5
Jalen Wilson,PF,23,BRK,43,3,15.4,0.425,0.324,0.495,0.826,3,1,0.3,0.1,0.4,1.1,5
Dylan Windler,SF,27,TOT,17,0,6.4,0.5,0.481,0.667,0,0.9,0.6,0.1,0,0.1,0.4,2.5
Dylan Windler,SF,27,NYK,3,0,2.3,0.5,0.5,0,0,0.3,0.3,0,0,0,0.3,1
Dylan Windler,SF,27,LAL,8,0,3.5,0.444,0.5,0,0,0.4,0.8,0,0,0,0.3,1.5
Dylan Windler,SF,27,ATL,6,0,12.2,0.526,0.471,1,0,2,0.5,0.3,0,0.3,0.5,4.7
James Wiseman,C,22,DET,63,6,17.3,0.613,0,0.617,0.706,5.3,0.9,0.2,0.6,1,2.2,7.1
Isaiah Wong,SG,23,IND,1,0,4,0.333,0,0.5,0,0,0,0,0,0,0,2
Christian Wood,PF,28,LAL,50,1,17.4,0.466,0.307,0.587,0.702,5.1,1,0.3,0.7,1,1.4,6.9
Delon Wright,PG,31,TOT,47,1,15.8,0.394,0.368,0.408,0.822,1.8,2.5,1.1,0.2,0.3,0.7,4.5
Delon Wright,PG,31,WAS,33,0,13.8,0.393,0.368,0.405,0.828,1.8,2.5,1.1,0.2,0.3,0.7,4.1
Delon Wright,PG,31,MIA,14,1,20.4,0.394,0.367,0.417,0.813,1.9,2.6,1.4,0.2,0.2,0.7,5.4
Thaddeus Young,PF,35,TOT,33,6,13.3,0.602,0.143,0.634,0.4,3.1,1.7,0.7,0.2,0.5,1.5,4.2
Thaddeus Young,PF,35,TOR,23,6,15.2,0.621,0.167,0.654,0.417,3.3,2.2,0.8,0.1,0.5,1.7,5
Thaddeus Young,PF,35,PHO,10,0,8.9,0.524,0,0.55,0.333,2.8,0.7,0.5,0.2,0.4,1.1,2.3
Trae Young,PG,25,ATL,54,54,36,0.43,0.373,0.479,0.855,2.8,10.8,1.3,0.2,4.4,2,25.7
Omer Yurtseven,C,25,UTA,48,12,11.4,0.538,0.208,0.588,0.679,4.3,0.6,0.2,0.4,0.8,1.1,4.6
Cody Zeller,C,31,NOP,43,0,7.4,0.419,0.333,0.424,0.605,2.6,0.9,0.2,0.1,0.4,1,1.8
Ivica Zubac,C,26,LAC,68,68,26.4,0.649,0,0.649,0.723,9.2,1.4,0.3,1.2,1.2,2.6,11.7
